Domain Code,Domain,Area Code,Area,Element Code,Element,Item Code,Item,Year Code,Year,Unit,Value,Flag,Flag Description
"QC","Crops","9","Argentina","5510","Production","667","Tea","2009","2009","tonnes","71715","","Official data"
"QC","Crops","9","Argentina","5510","Production","667","Tea","2010","2010","tonnes","92417","","Official data"
"QC","Crops","9","Argentina","5510","Production","667","Tea","2011","2011","tonnes","92892","","Official data"
"QC","Crops","9","Argentina","5510","Production","667","Tea","2012","2012","tonnes","82813","","Official data"
"QC","Crops","9","Argentina","5510","Production","667","Tea","2013","2013","tonnes","80423","","Official data"
"QC","Crops","9","Argentina","5510","Production","667","Tea","2014","2014","tonnes","82628","Im","FAO data based on imputation methodology"
"QC","Crops","9","Argentina","5510","Production","667","Tea","2015","2015","tonnes","82492","","Official data"
"QC","Crops","9","Argentina","5510","Production","667","Tea","2016","2016","tonnes","85015","","Official data"
"QC","Crops","9","Argentina","5510","Production","667","Tea","2017","2017","tonnes","81476","","Official data"
"QC","Crops","9","Argentina","5510","Production","667","Tea","2018","2018","tonnes","81981","","Official data"
"QC","Crops","52","Azerbaijan","5510","Production","667","Tea","2009","2009","tonnes","447","","Official data"
"QC","Crops","52","Azerbaijan","5510","Production","667","Tea","2010","2010","tonnes","545","","Official data"
"QC","Crops","52","Azerbaijan","5510","Production","667","Tea","2011","2011","tonnes","534","","Official data"
"QC","Crops","52","Azerbaijan","5510","Production","667","Tea","2012","2012","tonnes","568","","Official data"
"QC","Crops","52","Azerbaijan","5510","Production","667","Tea","2013","2013","tonnes","568","","Official data"
"QC","Crops","52","Azerbaijan","5510","Production","667","Tea","2014","2014","tonnes","474","","Official data"
"QC","Crops","52","Azerbaijan","5510","Production","667","Tea","2015","2015","tonnes","579","","Official data"
"QC","Crops","52","Azerbaijan","5510","Production","667","Tea","2016","2016","tonnes","1016","","Official data"
"QC","Crops","52","Azerbaijan","5510","Production","667","Tea","2017","2017","tonnes","775","","Official data"
"QC","Crops","52","Azerbaijan","5510","Production","667","Tea","2018","2018","tonnes","869","","Official data"
"QC","Crops","16","Bangladesh","5510","Production","667","Tea","2009","2009","tonnes","59500","","Official data"
"QC","Crops","16","Bangladesh","5510","Production","667","Tea","2010","2010","tonnes","60000","","Official data"
"QC","Crops","16","Bangladesh","5510","Production","667","Tea","2011","2011","tonnes","60500","","Official data"
"QC","Crops","16","Bangladesh","5510","Production","667","Tea","2012","2012","tonnes","62524","","Official data"
"QC","Crops","16","Bangladesh","5510","Production","667","Tea","2013","2013","tonnes","66259","","Official data"
"QC","Crops","16","Bangladesh","5510","Production","667","Tea","2014","2014","tonnes","63780","","Official data"
"QC","Crops","16","Bangladesh","5510","Production","667","Tea","2015","2015","tonnes","66101","","Official data"
"QC","Crops","16","Bangladesh","5510","Production","667","Tea","2016","2016","tonnes","64500","","Official data"
"QC","Crops","16","Bangladesh","5510","Production","667","Tea","2017","2017","tonnes","81850","","Official data"
"QC","Crops","16","Bangladesh","5510","Production","667","Tea","2018","2018","tonnes","78150","","Official data"
"QC","Crops","19","Bolivia (Plurinational State of)","5510","Production","667","Tea","2009","2009","tonnes","1245","","Official data"
"QC","Crops","19","Bolivia (Plurinational State of)","5510","Production","667","Tea","2010","2010","tonnes","1339","","Official data"
"QC","Crops","19","Bolivia (Plurinational State of)","5510","Production","667","Tea","2011","2011","tonnes","1356","","Official data"
"QC","Crops","19","Bolivia (Plurinational State of)","5510","Production","667","Tea","2012","2012","tonnes","1358","","Official data"
"QC","Crops","19","Bolivia (Plurinational State of)","5510","Production","667","Tea","2013","2013","tonnes","1339","","Official data"
"QC","Crops","19","Bolivia (Plurinational State of)","5510","Production","667","Tea","2014","2014","tonnes","1196","","Official data"
"QC","Crops","19","Bolivia (Plurinational State of)","5510","Production","667","Tea","2015","2015","tonnes","1243","","Official data"
"QC","Crops","19","Bolivia (Plurinational State of)","5510","Production","667","Tea","2016","2016","tonnes","1251","","Official data"
"QC","Crops","19","Bolivia (Plurinational State of)","5510","Production","667","Tea","2017","2017","tonnes","1177","","Official data"
"QC","Crops","19","Bolivia (Plurinational State of)","5510","Production","667","Tea","2018","2018","tonnes","1192","","Official data"
"QC","Crops","21","Brazil","5510","Production","667","Tea","2009","2009","tonnes","4686","","Official data"
"QC","Crops","21","Brazil","5510","Production","667","Tea","2010","2010","tonnes","4278","","Official data"
"QC","Crops","21","Brazil","5510","Production","667","Tea","2011","2011","tonnes","3520","","Official data"
"QC","Crops","21","Brazil","5510","Production","667","Tea","2012","2012","tonnes","1496","","Official data"
"QC","Crops","21","Brazil","5510","Production","667","Tea","2013","2013","tonnes","763","","Official data"
"QC","Crops","21","Brazil","5510","Production","667","Tea","2014","2014","tonnes","1421","","Official data"
"QC","Crops","21","Brazil","5510","Production","667","Tea","2015","2015","tonnes","633","","Official data"
"QC","Crops","21","Brazil","5510","Production","667","Tea","2016","2016","tonnes","459","","Official data"
"QC","Crops","21","Brazil","5510","Production","667","Tea","2017","2017","tonnes","459","","Official data"
"QC","Crops","21","Brazil","5510","Production","667","Tea","2018","2018","tonnes","483","","Official data"
"QC","Crops","29","Burundi","5510","Production","667","Tea","2009","2009","tonnes","31828","","Official data"
"QC","Crops","29","Burundi","5510","Production","667","Tea","2010","2010","tonnes","37875","","Official data"
"QC","Crops","29","Burundi","5510","Production","667","Tea","2011","2011","tonnes","40853","","Official data"
"QC","Crops","29","Burundi","5510","Production","667","Tea","2012","2012","tonnes","42147","","Official data"
"QC","Crops","29","Burundi","5510","Production","667","Tea","2013","2013","tonnes","41817","","Official data"
"QC","Crops","29","Burundi","5510","Production","667","Tea","2014","2014","tonnes","53893","","Official data"
"QC","Crops","29","Burundi","5510","Production","667","Tea","2015","2015","tonnes","53802","","Official data"
"QC","Crops","29","Burundi","5510","Production","667","Tea","2016","2016","tonnes","52701","","Official data"
"QC","Crops","29","Burundi","5510","Production","667","Tea","2017","2017","tonnes","49280","","Official data"
"QC","Crops","29","Burundi","5510","Production","667","Tea","2018","2018","tonnes","53603","","Official data"
"QC","Crops","32","Cameroon","5510","Production","667","Tea","2009","2009","tonnes","6000","*","Unofficial figure"
"QC","Crops","32","Cameroon","5510","Production","667","Tea","2010","2010","tonnes","5514","Im","FAO data based on imputation methodology"
"QC","Crops","32","Cameroon","5510","Production","667","Tea","2011","2011","tonnes","5226","Im","FAO data based on imputation methodology"
"QC","Crops","32","Cameroon","5510","Production","667","Tea","2012","2012","tonnes","5268","Im","FAO data based on imputation methodology"
"QC","Crops","32","Cameroon","5510","Production","667","Tea","2013","2013","tonnes","5342","Im","FAO data based on imputation methodology"
"QC","Crops","32","Cameroon","5510","Production","667","Tea","2014","2014","tonnes","5487","Im","FAO data based on imputation methodology"
"QC","Crops","32","Cameroon","5510","Production","667","Tea","2015","2015","tonnes","5625","Im","FAO data based on imputation methodology"
"QC","Crops","32","Cameroon","5510","Production","667","Tea","2016","2016","tonnes","5641","Im","FAO data based on imputation methodology"
"QC","Crops","32","Cameroon","5510","Production","667","Tea","2017","2017","tonnes","5710","Im","FAO data based on imputation methodology"
"QC","Crops","32","Cameroon","5510","Production","667","Tea","2018","2018","tonnes","5779","Im","FAO data based on imputation methodology"
"QC","Crops","351","China","5510","Production","667","Tea","2009","2009","tonnes","1375780","A","Aggregate, may include official, semi-official, estimated or calculated data"
"QC","Crops","351","China","5510","Production","667","Tea","2010","2010","tonnes","1467467","A","Aggregate, may include official, semi-official, estimated or calculated data"
"QC","Crops","351","China","5510","Production","667","Tea","2011","2011","tonnes","1640310","A","Aggregate, may include official, semi-official, estimated or calculated data"
"QC","Crops","351","China","5510","Production","667","Tea","2012","2012","tonnes","1804655","A","Aggregate, may include official, semi-official, estimated or calculated data"
"QC","Crops","351","China","5510","Production","667","Tea","2013","2013","tonnes","1939175","A","Aggregate, may include official, semi-official, estimated or calculated data"
"QC","Crops","351","China","5510","Production","667","Tea","2014","2014","tonnes","2110770","A","Aggregate, may include official, semi-official, estimated or calculated data"
"QC","Crops","351","China","5510","Production","667","Tea","2015","2015","tonnes","2291405","A","Aggregate, may include official, semi-official, estimated or calculated data"
"QC","Crops","351","China","5510","Production","667","Tea","2016","2016","tonnes","2326018","A","Aggregate, may include official, semi-official, estimated or calculated data"
"QC","Crops","351","China","5510","Production","667","Tea","2017","2017","tonnes","2473443","A","Aggregate, may include official, semi-official, estimated or calculated data"
"QC","Crops","351","China","5510","Production","667","Tea","2018","2018","tonnes","2625138","A","Aggregate, may include official, semi-official, estimated or calculated data"
"QC","Crops","41","China, mainland","5510","Production","667","Tea","2009","2009","tonnes","1359000","","Official data"
"QC","Crops","41","China, mainland","5510","Production","667","Tea","2010","2010","tonnes","1450000","","Official data"
"QC","Crops","41","China, mainland","5510","Production","667","Tea","2011","2011","tonnes","1623000","","Official data"
"QC","Crops","41","China, mainland","5510","Production","667","Tea","2012","2012","tonnes","1789753","","Official data"
"QC","Crops","41","China, mainland","5510","Production","667","Tea","2013","2013","tonnes","1924457","","Official data"
"QC","Crops","41","China, mainland","5510","Production","667","Tea","2014","2014","tonnes","2095570","","Official data"
"QC","Crops","41","China, mainland","5510","Production","667","Tea","2015","2015","tonnes","2277000","","Official data"
"QC","Crops","41","China, mainland","5510","Production","667","Tea","2016","2016","tonnes","2313000","","Official data"
"QC","Crops","41","China, mainland","5510","Production","667","Tea","2017","2017","tonnes","2460000","","Official data"
"QC","Crops","41","China, mainland","5510","Production","667","Tea","2018","2018","tonnes","2610400","","Official data"
"QC","Crops","214","China, Taiwan Province of","5510","Production","667","Tea","2009","2009","tonnes","16780","","Official data"
"QC","Crops","214","China, Taiwan Province of","5510","Production","667","Tea","2010","2010","tonnes","17467","","Official data"
"QC","Crops","214","China, Taiwan Province of","5510","Production","667","Tea","2011","2011","tonnes","17310","","Official data"
"QC","Crops","214","China, Taiwan Province of","5510","Production","667","Tea","2012","2012","tonnes","14902","","Official data"
"QC","Crops","214","China, Taiwan Province of","5510","Production","667","Tea","2013","2013","tonnes","14718","","Official data"
"QC","Crops","214","China, Taiwan Province of","5510","Production","667","Tea","2014","2014","tonnes","15200","","Official data"
"QC","Crops","214","China, Taiwan Province of","5510","Production","667","Tea","2015","2015","tonnes","14405","","Official data"
"QC","Crops","214","China, Taiwan Province of","5510","Production","667","Tea","2016","2016","tonnes","13018","","Official data"
"QC","Crops","214","China, Taiwan Province of","5510","Production","667","Tea","2017","2017","tonnes","13443","","Official data"
"QC","Crops","214","China, Taiwan Province of","5510","Production","667","Tea","2018","2018","tonnes","14738","","Official data"
"QC","Crops","44","Colombia","5510","Production","667","Tea","2009","2009","tonnes","134","","Official data"
"QC","Crops","44","Colombia","5510","Production","667","Tea","2010","2010","tonnes","134","","Official data"
"QC","Crops","44","Colombia","5510","Production","667","Tea","2011","2011","tonnes","134","","Official data"
"QC","Crops","44","Colombia","5510","Production","667","Tea","2012","2012","tonnes","134","","Official data"
"QC","Crops","44","Colombia","5510","Production","667","Tea","2013","2013","tonnes","125","","Official data"
"QC","Crops","44","Colombia","5510","Production","667","Tea","2014","2014","tonnes","144","","Official data"
"QC","Crops","44","Colombia","5510","Production","667","Tea","2015","2015","tonnes","149","","Official data"
"QC","Crops","44","Colombia","5510","Production","667","Tea","2016","2016","tonnes","149","","Official data"
"QC","Crops","44","Colombia","5510","Production","667","Tea","2017","2017","tonnes","149","Im","FAO data based on imputation methodology"
"QC","Crops","44","Colombia","5510","Production","667","Tea","2018","2018","tonnes","153","Im","FAO data based on imputation methodology"
"QC","Crops","250","Democratic Republic of the Congo","5510","Production","667","Tea","2009","2009","tonnes","2489","","Official data"
"QC","Crops","250","Democratic Republic of the Congo","5510","Production","667","Tea","2010","2010","tonnes","2479","","Official data"
"QC","Crops","250","Democratic Republic of the Congo","5510","Production","667","Tea","2011","2011","tonnes","3129","","Official data"
"QC","Crops","250","Democratic Republic of the Congo","5510","Production","667","Tea","2012","2012","tonnes","3533","Im","FAO data based on imputation methodology"
"QC","Crops","250","Democratic Republic of the Congo","5510","Production","667","Tea","2013","2013","tonnes","2937","Im","FAO data based on imputation methodology"
"QC","Crops","250","Democratic Republic of the Congo","5510","Production","667","Tea","2014","2014","tonnes","3150","Im","FAO data based on imputation methodology"
"QC","Crops","250","Democratic Republic of the Congo","5510","Production","667","Tea","2015","2015","tonnes","3300","Im","FAO data based on imputation methodology"
"QC","Crops","250","Democratic Republic of the Congo","5510","Production","667","Tea","2016","2016","tonnes","3450","Im","FAO data based on imputation methodology"
"QC","Crops","250","Democratic Republic of the Congo","5510","Production","667","Tea","2017","2017","tonnes","3600","Im","FAO data based on imputation methodology"
"QC","Crops","250","Democratic Republic of the Congo","5510","Production","667","Tea","2018","2018","tonnes","3696","Im","FAO data based on imputation methodology"
"QC","Crops","58","Ecuador","5510","Production","667","Tea","2009","2009","tonnes","1877","Im","FAO data based on imputation methodology"
"QC","Crops","58","Ecuador","5510","Production","667","Tea","2010","2010","tonnes","1512","Im","FAO data based on imputation methodology"
"QC","Crops","58","Ecuador","5510","Production","667","Tea","2011","2011","tonnes","1468","Im","FAO data based on imputation methodology"
"QC","Crops","58","Ecuador","5510","Production","667","Tea","2012","2012","tonnes","1423","Im","FAO data based on imputation methodology"
"QC","Crops","58","Ecuador","5510","Production","667","Tea","2013","2013","tonnes","1394","Im","FAO data based on imputation methodology"
"QC","Crops","58","Ecuador","5510","Production","667","Tea","2014","2014","tonnes","1353","Im","FAO data based on imputation methodology"
"QC","Crops","58","Ecuador","5510","Production","667","Tea","2015","2015","tonnes","1241","Im","FAO data based on imputation methodology"
"QC","Crops","58","Ecuador","5510","Production","667","Tea","2016","2016","tonnes","1144","Im","FAO data based on imputation methodology"
"QC","Crops","58","Ecuador","5510","Production","667","Tea","2017","2017","tonnes","1083","Im","FAO data based on imputation methodology"
"QC","Crops","58","Ecuador","5510","Production","667","Tea","2018","2018","tonnes","1156","Im","FAO data based on imputation methodology"
"QC","Crops","60","El Salvador","5510","Production","667","Tea","2009","2009","tonnes","500","F","FAO estimate"
"QC","Crops","60","El Salvador","5510","Production","667","Tea","2010","2010","tonnes","450","F","FAO estimate"
"QC","Crops","60","El Salvador","5510","Production","667","Tea","2011","2011","tonnes","450","F","FAO estimate"
"QC","Crops","60","El Salvador","5510","Production","667","Tea","2012","2012","tonnes","460","F","FAO estimate"
"QC","Crops","60","El Salvador","5510","Production","667","Tea","2013","2013","tonnes","475","F","FAO estimate"
"QC","Crops","60","El Salvador","5510","Production","667","Tea","2014","2014","tonnes","462","Im","FAO data based on imputation methodology"
"QC","Crops","60","El Salvador","5510","Production","667","Tea","2015","2015","tonnes","466","Im","FAO data based on imputation methodology"
"QC","Crops","60","El Salvador","5510","Production","667","Tea","2016","2016","tonnes","467","Im","FAO data based on imputation methodology"
"QC","Crops","60","El Salvador","5510","Production","667","Tea","2017","2017","tonnes","465","Im","FAO data based on imputation methodology"
"QC","Crops","60","El Salvador","5510","Production","667","Tea","2018","2018","tonnes","466","Im","FAO data based on imputation methodology"
"QC","Crops","238","Ethiopia","5510","Production","667","Tea","2009","2009","tonnes","6545","Im","FAO data based on imputation methodology"
"QC","Crops","238","Ethiopia","5510","Production","667","Tea","2010","2010","tonnes","7586","Im","FAO data based on imputation methodology"
"QC","Crops","238","Ethiopia","5510","Production","667","Tea","2011","2011","tonnes","8970","Im","FAO data based on imputation methodology"
"QC","Crops","238","Ethiopia","5510","Production","667","Tea","2012","2012","tonnes","9959","Im","FAO data based on imputation methodology"
"QC","Crops","238","Ethiopia","5510","Production","667","Tea","2013","2013","tonnes","9977","Im","FAO data based on imputation methodology"
"QC","Crops","238","Ethiopia","5510","Production","667","Tea","2014","2014","tonnes","10213","Im","FAO data based on imputation methodology"
"QC","Crops","238","Ethiopia","5510","Production","667","Tea","2015","2015","tonnes","10568","Im","FAO data based on imputation methodology"
"QC","Crops","238","Ethiopia","5510","Production","667","Tea","2016","2016","tonnes","10253","Im","FAO data based on imputation methodology"
"QC","Crops","238","Ethiopia","5510","Production","667","Tea","2017","2017","tonnes","10345","Im","FAO data based on imputation methodology"
"QC","Crops","238","Ethiopia","5510","Production","667","Tea","2018","2018","tonnes","10388","Im","FAO data based on imputation methodology"
"QC","Crops","73","Georgia","5510","Production","667","Tea","2009","2009","tonnes","5800","","Official data"
"QC","Crops","73","Georgia","5510","Production","667","Tea","2010","2010","tonnes","3500","","Official data"
"QC","Crops","73","Georgia","5510","Production","667","Tea","2011","2011","tonnes","2900","","Official data"
"QC","Crops","73","Georgia","5510","Production","667","Tea","2012","2012","tonnes","2600","","Official data"
"QC","Crops","73","Georgia","5510","Production","667","Tea","2013","2013","tonnes","3300","","Official data"
"QC","Crops","73","Georgia","5510","Production","667","Tea","2014","2014","tonnes","1800","","Official data"
"QC","Crops","73","Georgia","5510","Production","667","Tea","2015","2015","tonnes","2100","","Official data"
"QC","Crops","73","Georgia","5510","Production","667","Tea","2016","2016","tonnes","3000","","Official data"
"QC","Crops","73","Georgia","5510","Production","667","Tea","2017","2017","tonnes","2300","","Official data"
"QC","Crops","73","Georgia","5510","Production","667","Tea","2018","2018","tonnes","1700","","Official data"
"QC","Crops","89","Guatemala","5510","Production","667","Tea","2009","2009","tonnes","639","","Official data"
"QC","Crops","89","Guatemala","5510","Production","667","Tea","2010","2010","tonnes","628","","Official data"
"QC","Crops","89","Guatemala","5510","Production","667","Tea","2011","2011","tonnes","432","","Official data"
"QC","Crops","89","Guatemala","5510","Production","667","Tea","2012","2012","tonnes","420","","Official data"
"QC","Crops","89","Guatemala","5510","Production","667","Tea","2013","2013","tonnes","437","","Official data"
"QC","Crops","89","Guatemala","5510","Production","667","Tea","2014","2014","tonnes","526","","Official data"
"QC","Crops","89","Guatemala","5510","Production","667","Tea","2015","2015","tonnes","553","","Official data"
"QC","Crops","89","Guatemala","5510","Production","667","Tea","2016","2016","tonnes","558","","Official data"
"QC","Crops","89","Guatemala","5510","Production","667","Tea","2017","2017","tonnes","519","Im","FAO data based on imputation methodology"
"QC","Crops","89","Guatemala","5510","Production","667","Tea","2018","2018","tonnes","543","Im","FAO data based on imputation methodology"
"QC","Crops","100","India","5510","Production","667","Tea","2009","2009","tonnes","972700","","Official data"
"QC","Crops","100","India","5510","Production","667","Tea","2010","2010","tonnes","991182","","Official data"
"QC","Crops","100","India","5510","Production","667","Tea","2011","2011","tonnes","1095460","","Official data"
"QC","Crops","100","India","5510","Production","667","Tea","2012","2012","tonnes","1135070","","Official data"
"QC","Crops","100","India","5510","Production","667","Tea","2013","2013","tonnes","1208780","","Official data"
"QC","Crops","100","India","5510","Production","667","Tea","2014","2014","tonnes","1207310","","Official data"
"QC","Crops","100","India","5510","Production","667","Tea","2015","2015","tonnes","1233140","","Official data"
"QC","Crops","100","India","5510","Production","667","Tea","2016","2016","tonnes","1250490","","Official data"
"QC","Crops","100","India","5510","Production","667","Tea","2017","2017","tonnes","1325050","","Official data"
"QC","Crops","100","India","5510","Production","667","Tea","2018","2018","tonnes","1344827","Im","FAO data based on imputation methodology"
"QC","Crops","101","Indonesia","5510","Production","667","Tea","2009","2009","tonnes","156901","","Official data"
"QC","Crops","101","Indonesia","5510","Production","667","Tea","2010","2010","tonnes","150342","","Official data"
"QC","Crops","101","Indonesia","5510","Production","667","Tea","2011","2011","tonnes","146603","","Official data"
"QC","Crops","101","Indonesia","5510","Production","667","Tea","2012","2012","tonnes","143413","","Official data"
"QC","Crops","101","Indonesia","5510","Production","667","Tea","2013","2013","tonnes","145855","","Official data"
"QC","Crops","101","Indonesia","5510","Production","667","Tea","2014","2014","tonnes","154369","","Official data"
"QC","Crops","101","Indonesia","5510","Production","667","Tea","2015","2015","tonnes","132615","","Official data"
"QC","Crops","101","Indonesia","5510","Production","667","Tea","2016","2016","tonnes","144015","","Official data"
"QC","Crops","101","Indonesia","5510","Production","667","Tea","2017","2017","tonnes","139362","","Official data"
"QC","Crops","101","Indonesia","5510","Production","667","Tea","2018","2018","tonnes","141342","","Official data"
"QC","Crops","102","Iran (Islamic Republic of)","5510","Production","667","Tea","2009","2009","tonnes","130714","","Official data"
"QC","Crops","102","Iran (Islamic Republic of)","5510","Production","667","Tea","2010","2010","tonnes","121041","","Official data"
"QC","Crops","102","Iran (Islamic Republic of)","5510","Production","667","Tea","2011","2011","tonnes","112084","","Official data"
"QC","Crops","102","Iran (Islamic Republic of)","5510","Production","667","Tea","2012","2012","tonnes","103890","","Official data"
"QC","Crops","102","Iran (Islamic Republic of)","5510","Production","667","Tea","2013","2013","tonnes","97475","","Official data"
"QC","Crops","102","Iran (Islamic Republic of)","5510","Production","667","Tea","2014","2014","tonnes","72277","","Official data"
"QC","Crops","102","Iran (Islamic Republic of)","5510","Production","667","Tea","2015","2015","tonnes","196957","","Official data"
"QC","Crops","102","Iran (Islamic Republic of)","5510","Production","667","Tea","2016","2016","tonnes","132603","Im","FAO data based on imputation methodology"
"QC","Crops","102","Iran (Islamic Republic of)","5510","Production","667","Tea","2017","2017","tonnes","100580","","Official data"
"QC","Crops","102","Iran (Islamic Republic of)","5510","Production","667","Tea","2018","2018","tonnes","109357","Im","FAO data based on imputation methodology"
"QC","Crops","110","Japan","5510","Production","667","Tea","2009","2009","tonnes","86000","","Official data"
"QC","Crops","110","Japan","5510","Production","667","Tea","2010","2010","tonnes","85000","","Official data"
"QC","Crops","110","Japan","5510","Production","667","Tea","2011","2011","tonnes","82100","","Official data"
"QC","Crops","110","Japan","5510","Production","667","Tea","2012","2012","tonnes","85900","","Official data"
"QC","Crops","110","Japan","5510","Production","667","Tea","2013","2013","tonnes","84800","","Official data"
"QC","Crops","110","Japan","5510","Production","667","Tea","2014","2014","tonnes","83600","","Official data"
"QC","Crops","110","Japan","5510","Production","667","Tea","2015","2015","tonnes","79500","","Official data"
"QC","Crops","110","Japan","5510","Production","667","Tea","2016","2016","tonnes","80200","","Official data"
"QC","Crops","110","Japan","5510","Production","667","Tea","2017","2017","tonnes","82000","","Official data"
"QC","Crops","110","Japan","5510","Production","667","Tea","2018","2018","tonnes","83052","Im","FAO data based on imputation methodology"
"QC","Crops","114","Kenya","5510","Production","667","Tea","2009","2009","tonnes","314198","","Official data"
"QC","Crops","114","Kenya","5510","Production","667","Tea","2010","2010","tonnes","399006","","Official data"
"QC","Crops","114","Kenya","5510","Production","667","Tea","2011","2011","tonnes","377912","","Official data"
"QC","Crops","114","Kenya","5510","Production","667","Tea","2012","2012","tonnes","369400","","Official data"
"QC","Crops","114","Kenya","5510","Production","667","Tea","2013","2013","tonnes","432400","","Official data"
"QC","Crops","114","Kenya","5510","Production","667","Tea","2014","2014","tonnes","445105","","Official data"
"QC","Crops","114","Kenya","5510","Production","667","Tea","2015","2015","tonnes","399100","","Official data"
"QC","Crops","114","Kenya","5510","Production","667","Tea","2016","2016","tonnes","473000","","Official data"
"QC","Crops","114","Kenya","5510","Production","667","Tea","2017","2017","tonnes","439857","","Official data"
"QC","Crops","114","Kenya","5510","Production","667","Tea","2018","2018","tonnes","492990","","Official data"
"QC","Crops","120","Lao People's Democratic Republic","5510","Production","667","Tea","2009","2009","tonnes","470","*","Unofficial figure"
"QC","Crops","120","Lao People's Democratic Republic","5510","Production","667","Tea","2010","2010","tonnes","582","*","Unofficial figure"
"QC","Crops","120","Lao People's Democratic Republic","5510","Production","667","Tea","2011","2011","tonnes","802","*","Unofficial figure"
"QC","Crops","120","Lao People's Democratic Republic","5510","Production","667","Tea","2012","2012","tonnes","3975","","Official data"
"QC","Crops","120","Lao People's Democratic Republic","5510","Production","667","Tea","2013","2013","tonnes","6105","","Official data"
"QC","Crops","120","Lao People's Democratic Republic","5510","Production","667","Tea","2014","2014","tonnes","7935","","Official data"
"QC","Crops","120","Lao People's Democratic Republic","5510","Production","667","Tea","2015","2015","tonnes","6295","","Official data"
"QC","Crops","120","Lao People's Democratic Republic","5510","Production","667","Tea","2016","2016","tonnes","7300","","Official data"
"QC","Crops","120","Lao People's Democratic Republic","5510","Production","667","Tea","2017","2017","tonnes","7660","","Official data"
"QC","Crops","120","Lao People's Democratic Republic","5510","Production","667","Tea","2018","2018","tonnes","8055","","Official data"
"QC","Crops","129","Madagascar","5510","Production","667","Tea","2009","2009","tonnes","319","Im","FAO data based on imputation methodology"
"QC","Crops","129","Madagascar","5510","Production","667","Tea","2010","2010","tonnes","382","Im","FAO data based on imputation methodology"
"QC","Crops","129","Madagascar","5510","Production","667","Tea","2011","2011","tonnes","380","Im","FAO data based on imputation methodology"
"QC","Crops","129","Madagascar","5510","Production","667","Tea","2012","2012","tonnes","382","Im","FAO data based on imputation methodology"
"QC","Crops","129","Madagascar","5510","Production","667","Tea","2013","2013","tonnes","384","Im","FAO data based on imputation methodology"
"QC","Crops","129","Madagascar","5510","Production","667","Tea","2014","2014","tonnes","385","Im","FAO data based on imputation methodology"
"QC","Crops","129","Madagascar","5510","Production","667","Tea","2015","2015","tonnes","382","Im","FAO data based on imputation methodology"
"QC","Crops","129","Madagascar","5510","Production","667","Tea","2016","2016","tonnes","381","Im","FAO data based on imputation methodology"
"QC","Crops","129","Madagascar","5510","Production","667","Tea","2017","2017","tonnes","384","Im","FAO data based on imputation methodology"
"QC","Crops","129","Madagascar","5510","Production","667","Tea","2018","2018","tonnes","387","Im","FAO data based on imputation methodology"
"QC","Crops","130","Malawi","5510","Production","667","Tea","2009","2009","tonnes","52555","","Official data"
"QC","Crops","130","Malawi","5510","Production","667","Tea","2010","2010","tonnes","51589","","Official data"
"QC","Crops","130","Malawi","5510","Production","667","Tea","2011","2011","tonnes","47006","","Official data"
"QC","Crops","130","Malawi","5510","Production","667","Tea","2012","2012","tonnes","42490","","Official data"
"QC","Crops","130","Malawi","5510","Production","667","Tea","2013","2013","tonnes","46460","","Official data"
"QC","Crops","130","Malawi","5510","Production","667","Tea","2014","2014","tonnes","45480","","Official data"
"QC","Crops","130","Malawi","5510","Production","667","Tea","2015","2015","tonnes","47633","Im","FAO data based on imputation methodology"
"QC","Crops","130","Malawi","5510","Production","667","Tea","2016","2016","tonnes","48468","Im","FAO data based on imputation methodology"
"QC","Crops","130","Malawi","5510","Production","667","Tea","2017","2017","tonnes","48649","Im","FAO data based on imputation methodology"
"QC","Crops","130","Malawi","5510","Production","667","Tea","2018","2018","tonnes","49041","Im","FAO data based on imputation methodology"
"QC","Crops","131","Malaysia","5510","Production","667","Tea","2009","2009","tonnes","7223","","Official data"
"QC","Crops","131","Malaysia","5510","Production","667","Tea","2010","2010","tonnes","19738","","Official data"
"QC","Crops","131","Malaysia","5510","Production","667","Tea","2011","2011","tonnes","16632","","Official data"
"QC","Crops","131","Malaysia","5510","Production","667","Tea","2012","2012","tonnes","14711","","Official data"
"QC","Crops","131","Malaysia","5510","Production","667","Tea","2013","2013","tonnes","12094","","Official data"
"QC","Crops","131","Malaysia","5510","Production","667","Tea","2014","2014","tonnes","11923","","Official data"
"QC","Crops","131","Malaysia","5510","Production","667","Tea","2015","2015","tonnes","11130","","Official data"
"QC","Crops","131","Malaysia","5510","Production","667","Tea","2016","2016","tonnes","11708","","Official data"
"QC","Crops","131","Malaysia","5510","Production","667","Tea","2017","2017","tonnes","10385","","Official data"
"QC","Crops","131","Malaysia","5510","Production","667","Tea","2018","2018","tonnes","10869","Im","FAO data based on imputation methodology"
"QC","Crops","133","Mali","5510","Production","667","Tea","2009","2009","tonnes","114","Im","FAO data based on imputation methodology"
"QC","Crops","133","Mali","5510","Production","667","Tea","2010","2010","tonnes","107","Im","FAO data based on imputation methodology"
"QC","Crops","133","Mali","5510","Production","667","Tea","2011","2011","tonnes","103","Im","FAO data based on imputation methodology"
"QC","Crops","133","Mali","5510","Production","667","Tea","2012","2012","tonnes","98","Im","FAO data based on imputation methodology"
"QC","Crops","133","Mali","5510","Production","667","Tea","2013","2013","tonnes","89","","Official data"
"QC","Crops","133","Mali","5510","Production","667","Tea","2014","2014","tonnes","89","","Official data"
"QC","Crops","133","Mali","5510","Production","667","Tea","2015","2015","tonnes","88","Im","FAO data based on imputation methodology"
"QC","Crops","133","Mali","5510","Production","667","Tea","2016","2016","tonnes","83","Im","FAO data based on imputation methodology"
"QC","Crops","133","Mali","5510","Production","667","Tea","2017","2017","tonnes","79","Im","FAO data based on imputation methodology"
"QC","Crops","133","Mali","5510","Production","667","Tea","2018","2018","tonnes","77","Im","FAO data based on imputation methodology"
"QC","Crops","137","Mauritius","5510","Production","667","Tea","2009","2009","tonnes","1481","","Official data"
"QC","Crops","137","Mauritius","5510","Production","667","Tea","2010","2010","tonnes","1467","","Official data"
"QC","Crops","137","Mauritius","5510","Production","667","Tea","2011","2011","tonnes","1787","","Official data"
"QC","Crops","137","Mauritius","5510","Production","667","Tea","2012","2012","tonnes","1577","","Official data"
"QC","Crops","137","Mauritius","5510","Production","667","Tea","2013","2013","tonnes","1563","","Official data"
"QC","Crops","137","Mauritius","5510","Production","667","Tea","2014","2014","tonnes","1504","","Official data"
"QC","Crops","137","Mauritius","5510","Production","667","Tea","2015","2015","tonnes","1295","","Official data"
"QC","Crops","137","Mauritius","5510","Production","667","Tea","2016","2016","tonnes","1353","","Official data"
"QC","Crops","137","Mauritius","5510","Production","667","Tea","2017","2017","tonnes","1379","","Official data"
"QC","Crops","137","Mauritius","5510","Production","667","Tea","2018","2018","tonnes","1470","","Official data"
"QC","Crops","273","Montenegro","5510","Production","667","Tea","2009","2009","tonnes","100","F","FAO estimate"
"QC","Crops","273","Montenegro","5510","Production","667","Tea","2010","2010","tonnes","100","F","FAO estimate"
"QC","Crops","273","Montenegro","5510","Production","667","Tea","2011","2011","tonnes","100","F","FAO estimate"
"QC","Crops","273","Montenegro","5510","Production","667","Tea","2012","2012","tonnes","100","F","FAO estimate"
"QC","Crops","273","Montenegro","5510","Production","667","Tea","2013","2013","tonnes","100","F","FAO estimate"
"QC","Crops","273","Montenegro","5510","Production","667","Tea","2014","2014","tonnes","100","F","FAO estimate"
"QC","Crops","273","Montenegro","5510","Production","667","Tea","2015","2015","tonnes","100","Im","FAO data based on imputation methodology"
"QC","Crops","273","Montenegro","5510","Production","667","Tea","2016","2016","tonnes","100","Im","FAO data based on imputation methodology"
"QC","Crops","273","Montenegro","5510","Production","667","Tea","2017","2017","tonnes","100","Im","FAO data based on imputation methodology"
"QC","Crops","273","Montenegro","5510","Production","667","Tea","2018","2018","tonnes","100","Im","FAO data based on imputation methodology"
"QC","Crops","144","Mozambique","5510","Production","667","Tea","2009","2009","tonnes","30000","","Official data"
"QC","Crops","144","Mozambique","5510","Production","667","Tea","2010","2010","tonnes","28995","","Official data"
"QC","Crops","144","Mozambique","5510","Production","667","Tea","2011","2011","tonnes","27000","","Official data"
"QC","Crops","144","Mozambique","5510","Production","667","Tea","2012","2012","tonnes","22000","","Official data"
"QC","Crops","144","Mozambique","5510","Production","667","Tea","2013","2013","tonnes","25428","","Official data"
"QC","Crops","144","Mozambique","5510","Production","667","Tea","2014","2014","tonnes","28840","","Official data"
"QC","Crops","144","Mozambique","5510","Production","667","Tea","2015","2015","tonnes","32000","","Official data"
"QC","Crops","144","Mozambique","5510","Production","667","Tea","2016","2016","tonnes","31717","Im","FAO data based on imputation methodology"
"QC","Crops","144","Mozambique","5510","Production","667","Tea","2017","2017","tonnes","32000","*","Unofficial figure"
"QC","Crops","144","Mozambique","5510","Production","667","Tea","2018","2018","tonnes","32921","Im","FAO data based on imputation methodology"
"QC","Crops","28","Myanmar","5510","Production","667","Tea","2009","2009","tonnes","92600","","Official data"
"QC","Crops","28","Myanmar","5510","Production","667","Tea","2010","2010","tonnes","94500","","Official data"
"QC","Crops","28","Myanmar","5510","Production","667","Tea","2011","2011","tonnes","92500","","Official data"
"QC","Crops","28","Myanmar","5510","Production","667","Tea","2012","2012","tonnes","94600","","Official data"
"QC","Crops","28","Myanmar","5510","Production","667","Tea","2013","2013","tonnes","96300","","Official data"
"QC","Crops","28","Myanmar","5510","Production","667","Tea","2014","2014","tonnes","98600","","Official data"
"QC","Crops","28","Myanmar","5510","Production","667","Tea","2015","2015","tonnes","100150","","Official data"
"QC","Crops","28","Myanmar","5510","Production","667","Tea","2016","2016","tonnes","102404","","Official data"
"QC","Crops","28","Myanmar","5510","Production","667","Tea","2017","2017","tonnes","104743","","Official data"
"QC","Crops","28","Myanmar","5510","Production","667","Tea","2018","2018","tonnes","109043","Im","FAO data based on imputation methodology"
"QC","Crops","149","Nepal","5510","Production","667","Tea","2009","2009","tonnes","16208","","Official data"
"QC","Crops","149","Nepal","5510","Production","667","Tea","2010","2010","tonnes","16607","","Official data"
"QC","Crops","149","Nepal","5510","Production","667","Tea","2011","2011","tonnes","17438","","Official data"
"QC","Crops","149","Nepal","5510","Production","667","Tea","2012","2012","tonnes","18726","","Official data"
"QC","Crops","149","Nepal","5510","Production","667","Tea","2013","2013","tonnes","20588","","Official data"
"QC","Crops","149","Nepal","5510","Production","667","Tea","2014","2014","tonnes","21394","","Official data"
"QC","Crops","149","Nepal","5510","Production","667","Tea","2015","2015","tonnes","21394","","Official data"
"QC","Crops","149","Nepal","5510","Production","667","Tea","2016","2016","tonnes","23821","","Official data"
"QC","Crops","149","Nepal","5510","Production","667","Tea","2017","2017","tonnes","24653","","Official data"
"QC","Crops","149","Nepal","5510","Production","667","Tea","2018","2018","tonnes","24803","","Official data"
"QC","Crops","166","Panama","5510","Production","667","Tea","2009","2009","tonnes","0","","Official data"
"QC","Crops","166","Panama","5510","Production","667","Tea","2010","2010","tonnes","0","","Official data"
"QC","Crops","166","Panama","5510","Production","667","Tea","2011","2011","tonnes","0","","Official data"
"QC","Crops","166","Panama","5510","Production","667","Tea","2012","2012","tonnes","0","","Official data"
"QC","Crops","166","Panama","5510","Production","667","Tea","2013","2013","tonnes","0","","Official data"
"QC","Crops","166","Panama","5510","Production","667","Tea","2014","2014","tonnes","0","","Official data"
"QC","Crops","166","Panama","5510","Production","667","Tea","2015","2015","tonnes","","M","Data not available"
"QC","Crops","166","Panama","5510","Production","667","Tea","2016","2016","tonnes","","M","Data not available"
"QC","Crops","166","Panama","5510","Production","667","Tea","2017","2017","tonnes","","M","Data not available"
"QC","Crops","166","Panama","5510","Production","667","Tea","2018","2018","tonnes","","M","Data not available"
"QC","Crops","168","Papua New Guinea","5510","Production","667","Tea","2009","2009","tonnes","6400","F","FAO estimate"
"QC","Crops","168","Papua New Guinea","5510","Production","667","Tea","2010","2010","tonnes","6201","Im","FAO data based on imputation methodology"
"QC","Crops","168","Papua New Guinea","5510","Production","667","Tea","2011","2011","tonnes","5943","Im","FAO data based on imputation methodology"
"QC","Crops","168","Papua New Guinea","5510","Production","667","Tea","2012","2012","tonnes","5905","Im","FAO data based on imputation methodology"
"QC","Crops","168","Papua New Guinea","5510","Production","667","Tea","2013","2013","tonnes","5857","Im","FAO data based on imputation methodology"
"QC","Crops","168","Papua New Guinea","5510","Production","667","Tea","2014","2014","tonnes","5800","Im","FAO data based on imputation methodology"
"QC","Crops","168","Papua New Guinea","5510","Production","667","Tea","2015","2015","tonnes","5741","Im","FAO data based on imputation methodology"
"QC","Crops","168","Papua New Guinea","5510","Production","667","Tea","2016","2016","tonnes","5685","Im","FAO data based on imputation methodology"
"QC","Crops","168","Papua New Guinea","5510","Production","667","Tea","2017","2017","tonnes","5631","Im","FAO data based on imputation methodology"
"QC","Crops","168","Papua New Guinea","5510","Production","667","Tea","2018","2018","tonnes","5589","Im","FAO data based on imputation methodology"
"QC","Crops","170","Peru","5510","Production","667","Tea","2009","2009","tonnes","3169","","Official data"
"QC","Crops","170","Peru","5510","Production","667","Tea","2010","2010","tonnes","3214","","Official data"
"QC","Crops","170","Peru","5510","Production","667","Tea","2011","2011","tonnes","3158","","Official data"
"QC","Crops","170","Peru","5510","Production","667","Tea","2012","2012","tonnes","3434","","Official data"
"QC","Crops","170","Peru","5510","Production","667","Tea","2013","2013","tonnes","4319","","Official data"
"QC","Crops","170","Peru","5510","Production","667","Tea","2014","2014","tonnes","3874","","Official data"
"QC","Crops","170","Peru","5510","Production","667","Tea","2015","2015","tonnes","3785","","Official data"
"QC","Crops","170","Peru","5510","Production","667","Tea","2016","2016","tonnes","3307","","Official data"
"QC","Crops","170","Peru","5510","Production","667","Tea","2017","2017","tonnes","2177","","Official data"
"QC","Crops","170","Peru","5510","Production","667","Tea","2018","2018","tonnes","1085","","Official data"
"QC","Crops","174","Portugal","5510","Production","667","Tea","2009","2009","tonnes","125","F","FAO estimate"
"QC","Crops","174","Portugal","5510","Production","667","Tea","2010","2010","tonnes","120","Im","FAO data based on imputation methodology"
"QC","Crops","174","Portugal","5510","Production","667","Tea","2011","2011","tonnes","70","Im","FAO data based on imputation methodology"
"QC","Crops","174","Portugal","5510","Production","667","Tea","2012","2012","tonnes","57","Im","FAO data based on imputation methodology"
"QC","Crops","174","Portugal","5510","Production","667","Tea","2013","2013","tonnes","58","Im","FAO data based on imputation methodology"
"QC","Crops","174","Portugal","5510","Production","667","Tea","2014","2014","tonnes","62","Im","FAO data based on imputation methodology"
"QC","Crops","174","Portugal","5510","Production","667","Tea","2015","2015","tonnes","89","Im","FAO data based on imputation methodology"
"QC","Crops","174","Portugal","5510","Production","667","Tea","2016","2016","tonnes","84","Im","FAO data based on imputation methodology"
"QC","Crops","174","Portugal","5510","Production","667","Tea","2017","2017","tonnes","78","Im","FAO data based on imputation methodology"
"QC","Crops","174","Portugal","5510","Production","667","Tea","2018","2018","tonnes","84","Im","FAO data based on imputation methodology"
"QC","Crops","117","Republic of Korea","5510","Production","667","Tea","2009","2009","tonnes","2400","F","FAO estimate"
"QC","Crops","117","Republic of Korea","5510","Production","667","Tea","2010","2010","tonnes","2289","Im","FAO data based on imputation methodology"
"QC","Crops","117","Republic of Korea","5510","Production","667","Tea","2011","2011","tonnes","2244","Im","FAO data based on imputation methodology"
"QC","Crops","117","Republic of Korea","5510","Production","667","Tea","2012","2012","tonnes","2202","Im","FAO data based on imputation methodology"
"QC","Crops","117","Republic of Korea","5510","Production","667","Tea","2013","2013","tonnes","2263","Im","FAO data based on imputation methodology"
"QC","Crops","117","Republic of Korea","5510","Production","667","Tea","2014","2014","tonnes","2431","Im","FAO data based on imputation methodology"
"QC","Crops","117","Republic of Korea","5510","Production","667","Tea","2015","2015","tonnes","2575","Im","FAO data based on imputation methodology"
"QC","Crops","117","Republic of Korea","5510","Production","667","Tea","2016","2016","tonnes","2562","Im","FAO data based on imputation methodology"
"QC","Crops","117","Republic of Korea","5510","Production","667","Tea","2017","2017","tonnes","2637","Im","FAO data based on imputation methodology"
"QC","Crops","117","Republic of Korea","5510","Production","667","Tea","2018","2018","tonnes","2712","Im","FAO data based on imputation methodology"
"QC","Crops","182","Réunion","5510","Production","667","Tea","2009","2009","tonnes","672","Im","FAO data based on imputation methodology"
"QC","Crops","182","Réunion","5510","Production","667","Tea","2010","2010","tonnes","698","Im","FAO data based on imputation methodology"
"QC","Crops","182","Réunion","5510","Production","667","Tea","2011","2011","tonnes","727","Im","FAO data based on imputation methodology"
"QC","Crops","182","Réunion","5510","Production","667","Tea","2012","2012","tonnes","750","F","FAO estimate"
"QC","Crops","182","Réunion","5510","Production","667","Tea","2013","2013","tonnes","800","F","FAO estimate"
"QC","Crops","182","Réunion","5510","Production","667","Tea","2014","2014","tonnes","835","Im","FAO data based on imputation methodology"
"QC","Crops","182","Réunion","5510","Production","667","Tea","2015","2015","tonnes","832","Im","FAO data based on imputation methodology"
"QC","Crops","182","Réunion","5510","Production","667","Tea","2016","2016","tonnes","865","Im","FAO data based on imputation methodology"
"QC","Crops","182","Réunion","5510","Production","667","Tea","2017","2017","tonnes","892","Im","FAO data based on imputation methodology"
"QC","Crops","182","Réunion","5510","Production","667","Tea","2018","2018","tonnes","919","Im","FAO data based on imputation methodology"
"QC","Crops","185","Russian Federation","5510","Production","667","Tea","2009","2009","tonnes","630","","Official data"
"QC","Crops","185","Russian Federation","5510","Production","667","Tea","2010","2010","tonnes","370","","Official data"
"QC","Crops","185","Russian Federation","5510","Production","667","Tea","2011","2011","tonnes","267","","Official data"
"QC","Crops","185","Russian Federation","5510","Production","667","Tea","2012","2012","tonnes","90","","Official data"
"QC","Crops","185","Russian Federation","5510","Production","667","Tea","2013","2013","tonnes","90","","Official data"
"QC","Crops","185","Russian Federation","5510","Production","667","Tea","2014","2014","tonnes","222","","Official data"
"QC","Crops","185","Russian Federation","5510","Production","667","Tea","2015","2015","tonnes","246","","Official data"
"QC","Crops","185","Russian Federation","5510","Production","667","Tea","2016","2016","tonnes","449","","Official data"
"QC","Crops","185","Russian Federation","5510","Production","667","Tea","2017","2017","tonnes","554","","Official data"
"QC","Crops","185","Russian Federation","5510","Production","667","Tea","2018","2018","tonnes","504","","Official data"
"QC","Crops","184","Rwanda","5510","Production","667","Tea","2009","2009","tonnes","20535","","Official data"
"QC","Crops","184","Rwanda","5510","Production","667","Tea","2010","2010","tonnes","22249","","Official data"
"QC","Crops","184","Rwanda","5510","Production","667","Tea","2011","2011","tonnes","24066","","Official data"
"QC","Crops","184","Rwanda","5510","Production","667","Tea","2012","2012","tonnes","22503","","Official data"
"QC","Crops","184","Rwanda","5510","Production","667","Tea","2013","2013","tonnes","22185","","Official data"
"QC","Crops","184","Rwanda","5510","Production","667","Tea","2014","2014","tonnes","24751","","Official data"
"QC","Crops","184","Rwanda","5510","Production","667","Tea","2015","2015","tonnes","25284","Im","FAO data based on imputation methodology"
"QC","Crops","184","Rwanda","5510","Production","667","Tea","2016","2016","tonnes","25628","","Official data"
"QC","Crops","184","Rwanda","5510","Production","667","Tea","2017","2017","tonnes","27887","","Official data"
"QC","Crops","184","Rwanda","5510","Production","667","Tea","2018","2018","tonnes","31068","","Official data"
"QC","Crops","196","Seychelles","5510","Production","667","Tea","2009","2009","tonnes","63","","Official data"
"QC","Crops","196","Seychelles","5510","Production","667","Tea","2010","2010","tonnes","49","","Official data"
"QC","Crops","196","Seychelles","5510","Production","667","Tea","2011","2011","tonnes","38","","Official data"
"QC","Crops","196","Seychelles","5510","Production","667","Tea","2012","2012","tonnes","28","","Official data"
"QC","Crops","196","Seychelles","5510","Production","667","Tea","2013","2013","tonnes","21","","Official data"
"QC","Crops","196","Seychelles","5510","Production","667","Tea","2014","2014","tonnes","27","","Official data"
"QC","Crops","196","Seychelles","5510","Production","667","Tea","2015","2015","tonnes","16","","Official data"
"QC","Crops","196","Seychelles","5510","Production","667","Tea","2016","2016","tonnes","17","","Official data"
"QC","Crops","196","Seychelles","5510","Production","667","Tea","2017","2017","tonnes","13","","Official data"
"QC","Crops","196","Seychelles","5510","Production","667","Tea","2018","2018","tonnes","15","Im","FAO data based on imputation methodology"
"QC","Crops","202","South Africa","5510","Production","667","Tea","2009","2009","tonnes","1743","","Official data"
"QC","Crops","202","South Africa","5510","Production","667","Tea","2010","2010","tonnes","1647","","Official data"
"QC","Crops","202","South Africa","5510","Production","667","Tea","2011","2011","tonnes","1795","","Official data"
"QC","Crops","202","South Africa","5510","Production","667","Tea","2012","2012","tonnes","870","","Official data"
"QC","Crops","202","South Africa","5510","Production","667","Tea","2013","2013","tonnes","2180","Im","FAO data based on imputation methodology"
"QC","Crops","202","South Africa","5510","Production","667","Tea","2014","2014","tonnes","1615","Im","FAO data based on imputation methodology"
"QC","Crops","202","South Africa","5510","Production","667","Tea","2015","2015","tonnes","1863","Im","FAO data based on imputation methodology"
"QC","Crops","202","South Africa","5510","Production","667","Tea","2016","2016","tonnes","1776","Im","FAO data based on imputation methodology"
"QC","Crops","202","South Africa","5510","Production","667","Tea","2017","2017","tonnes","1628","Im","FAO data based on imputation methodology"
"QC","Crops","202","South Africa","5510","Production","667","Tea","2018","2018","tonnes","1469","Im","FAO data based on imputation methodology"
"QC","Crops","38","Sri Lanka","5510","Production","667","Tea","2009","2009","tonnes","290000","","Official data"
"QC","Crops","38","Sri Lanka","5510","Production","667","Tea","2010","2010","tonnes","331400","","Official data"
"QC","Crops","38","Sri Lanka","5510","Production","667","Tea","2011","2011","tonnes","327500","","Official data"
"QC","Crops","38","Sri Lanka","5510","Production","667","Tea","2012","2012","tonnes","330000","","Official data"
"QC","Crops","38","Sri Lanka","5510","Production","667","Tea","2013","2013","tonnes","340230","","Official data"
"QC","Crops","38","Sri Lanka","5510","Production","667","Tea","2014","2014","tonnes","338032","","Official data"
"QC","Crops","38","Sri Lanka","5510","Production","667","Tea","2015","2015","tonnes","320686","Im","FAO data based on imputation methodology"
"QC","Crops","38","Sri Lanka","5510","Production","667","Tea","2016","2016","tonnes","292574","","Official data"
"QC","Crops","38","Sri Lanka","5510","Production","667","Tea","2017","2017","tonnes","307720","","Official data"
"QC","Crops","38","Sri Lanka","5510","Production","667","Tea","2018","2018","tonnes","303840","","Official data"
"QC","Crops","216","Thailand","5510","Production","667","Tea","2009","2009","tonnes","63707","","Official data"
"QC","Crops","216","Thailand","5510","Production","667","Tea","2010","2010","tonnes","67241","","Official data"
"QC","Crops","216","Thailand","5510","Production","667","Tea","2011","2011","tonnes","73320","","Official data"
"QC","Crops","216","Thailand","5510","Production","667","Tea","2012","2012","tonnes","68774","Im","FAO data based on imputation methodology"
"QC","Crops","216","Thailand","5510","Production","667","Tea","2013","2013","tonnes","68013","","Official data"
"QC","Crops","216","Thailand","5510","Production","667","Tea","2014","2014","tonnes","40324","","Official data"
"QC","Crops","216","Thailand","5510","Production","667","Tea","2015","2015","tonnes","49054","","Official data"
"QC","Crops","216","Thailand","5510","Production","667","Tea","2016","2016","tonnes","54746","Im","FAO data based on imputation methodology"
"QC","Crops","216","Thailand","5510","Production","667","Tea","2017","2017","tonnes","48041","Im","FAO data based on imputation methodology"
"QC","Crops","216","Thailand","5510","Production","667","Tea","2018","2018","tonnes","50614","Im","FAO data based on imputation methodology"
"QC","Crops","223","Turkey","5510","Production","667","Tea","2009","2009","tonnes","198601","","Official data"
"QC","Crops","223","Turkey","5510","Production","667","Tea","2010","2010","tonnes","235000","","Official data"
"QC","Crops","223","Turkey","5510","Production","667","Tea","2011","2011","tonnes","221600","","Official data"
"QC","Crops","223","Turkey","5510","Production","667","Tea","2012","2012","tonnes","225000","","Official data"
"QC","Crops","223","Turkey","5510","Production","667","Tea","2013","2013","tonnes","212400","","Official data"
"QC","Crops","223","Turkey","5510","Production","667","Tea","2014","2014","tonnes","226800","","Official data"
"QC","Crops","223","Turkey","5510","Production","667","Tea","2015","2015","tonnes","239028","","Official data"
"QC","Crops","223","Turkey","5510","Production","667","Tea","2016","2016","tonnes","243000","","Official data"
"QC","Crops","223","Turkey","5510","Production","667","Tea","2017","2017","tonnes","234000","","Official data"
"QC","Crops","223","Turkey","5510","Production","667","Tea","2018","2018","tonnes","270000","","Official data"
"QC","Crops","226","Uganda","5510","Production","667","Tea","2009","2009","tonnes","48663","","Official data"
"QC","Crops","226","Uganda","5510","Production","667","Tea","2010","2010","tonnes","49182","","Official data"
"QC","Crops","226","Uganda","5510","Production","667","Tea","2011","2011","tonnes","35194","","Official data"
"QC","Crops","226","Uganda","5510","Production","667","Tea","2012","2012","tonnes","57939","","Official data"
"QC","Crops","226","Uganda","5510","Production","667","Tea","2013","2013","tonnes","60969","","Official data"
"QC","Crops","226","Uganda","5510","Production","667","Tea","2014","2014","tonnes","61376","","Official data"
"QC","Crops","226","Uganda","5510","Production","667","Tea","2015","2015","tonnes","60645","Im","FAO data based on imputation methodology"
"QC","Crops","226","Uganda","5510","Production","667","Tea","2016","2016","tonnes","62705","Im","FAO data based on imputation methodology"
"QC","Crops","226","Uganda","5510","Production","667","Tea","2017","2017","tonnes","63667","Im","FAO data based on imputation methodology"
"QC","Crops","226","Uganda","5510","Production","667","Tea","2018","2018","tonnes","62339","Im","FAO data based on imputation methodology"
"QC","Crops","215","United Republic of Tanzania","5510","Production","667","Tea","2009","2009","tonnes","34170","","Official data"
"QC","Crops","215","United Republic of Tanzania","5510","Production","667","Tea","2010","2010","tonnes","33160","","Official data"
"QC","Crops","215","United Republic of Tanzania","5510","Production","667","Tea","2011","2011","tonnes","32000","","Official data"
"QC","Crops","215","United Republic of Tanzania","5510","Production","667","Tea","2012","2012","tonnes","32812","","Official data"
"QC","Crops","215","United Republic of Tanzania","5510","Production","667","Tea","2013","2013","tonnes","33700","","Official data"
"QC","Crops","215","United Republic of Tanzania","5510","Production","667","Tea","2014","2014","tonnes","33500","","Official data"
"QC","Crops","215","United Republic of Tanzania","5510","Production","667","Tea","2015","2015","tonnes","35749","","Official data"
"QC","Crops","215","United Republic of Tanzania","5510","Production","667","Tea","2016","2016","tonnes","36561","Im","FAO data based on imputation methodology"
"QC","Crops","215","United Republic of Tanzania","5510","Production","667","Tea","2017","2017","tonnes","36712","Im","FAO data based on imputation methodology"
"QC","Crops","215","United Republic of Tanzania","5510","Production","667","Tea","2018","2018","tonnes","36854","Im","FAO data based on imputation methodology"
"QC","Crops","237","Viet Nam","5510","Production","667","Tea","2009","2009","tonnes","185700","","Official data"
"QC","Crops","237","Viet Nam","5510","Production","667","Tea","2010","2010","tonnes","198466","","Official data"
"QC","Crops","237","Viet Nam","5510","Production","667","Tea","2011","2011","tonnes","206600","","Official data"
"QC","Crops","237","Viet Nam","5510","Production","667","Tea","2012","2012","tonnes","211500","","Official data"
"QC","Crops","237","Viet Nam","5510","Production","667","Tea","2013","2013","tonnes","217700","","Official data"
"QC","Crops","237","Viet Nam","5510","Production","667","Tea","2014","2014","tonnes","228360","","Official data"
"QC","Crops","237","Viet Nam","5510","Production","667","Tea","2015","2015","tonnes","236000","","Official data"
"QC","Crops","237","Viet Nam","5510","Production","667","Tea","2016","2016","tonnes","240000","","Official data"
"QC","Crops","237","Viet Nam","5510","Production","667","Tea","2017","2017","tonnes","260000","","Official data"
"QC","Crops","237","Viet Nam","5510","Production","667","Tea","2018","2018","tonnes","270000","","Official data"
"QC","Crops","251","Zambia","5510","Production","667","Tea","2009","2009","tonnes","821","Im","FAO data based on imputation methodology"
"QC","Crops","251","Zambia","5510","Production","667","Tea","2010","2010","tonnes","843","Im","FAO data based on imputation methodology"
"QC","Crops","251","Zambia","5510","Production","667","Tea","2011","2011","tonnes","864","Im","FAO data based on imputation methodology"
"QC","Crops","251","Zambia","5510","Production","667","Tea","2012","2012","tonnes","900","F","FAO estimate"
"QC","Crops","251","Zambia","5510","Production","667","Tea","2013","2013","tonnes","900","F","FAO estimate"
"QC","Crops","251","Zambia","5510","Production","667","Tea","2014","2014","tonnes","910","Im","FAO data based on imputation methodology"
"QC","Crops","251","Zambia","5510","Production","667","Tea","2015","2015","tonnes","930","Im","FAO data based on imputation methodology"
"QC","Crops","251","Zambia","5510","Production","667","Tea","2016","2016","tonnes","929","Im","FAO data based on imputation methodology"
"QC","Crops","251","Zambia","5510","Production","667","Tea","2017","2017","tonnes","941","Im","FAO data based on imputation methodology"
"QC","Crops","251","Zambia","5510","Production","667","Tea","2018","2018","tonnes","953","Im","FAO data based on imputation methodology"
"QC","Crops","181","Zimbabwe","5510","Production","667","Tea","2009","2009","tonnes","23590","Im","FAO data based on imputation methodology"
"QC","Crops","181","Zimbabwe","5510","Production","667","Tea","2010","2010","tonnes","23450","Im","FAO data based on imputation methodology"
"QC","Crops","181","Zimbabwe","5510","Production","667","Tea","2011","2011","tonnes","23733","Im","FAO data based on imputation methodology"
"QC","Crops","181","Zimbabwe","5510","Production","667","Tea","2012","2012","tonnes","24017","Im","FAO data based on imputation methodology"
"QC","Crops","181","Zimbabwe","5510","Production","667","Tea","2013","2013","tonnes","24300","Im","FAO data based on imputation methodology"
"QC","Crops","181","Zimbabwe","5510","Production","667","Tea","2014","2014","tonnes","24815","Im","FAO data based on imputation methodology"
"QC","Crops","181","Zimbabwe","5510","Production","667","Tea","2015","2015","tonnes","25755","Im","FAO data based on imputation methodology"
"QC","Crops","181","Zimbabwe","5510","Production","667","Tea","2016","2016","tonnes","25688","Im","FAO data based on imputation methodology"
"QC","Crops","181","Zimbabwe","5510","Production","667","Tea","2017","2017","tonnes","25991","Im","FAO data based on imputation methodology"
"QC","Crops","181","Zimbabwe","5510","Production","667","Tea","2018","2018","tonnes","26293","Im","FAO data based on imputation methodology"
