Country,Item,Year,Unit,Value,Country Code,Latitude,Longitude
Argentina,Tea,2009,tonnes,71715.0,AR,-38.416097,-63.616672
Argentina,Tea,2010,tonnes,92417.0,AR,-38.416097,-63.616672
Argentina,Tea,2011,tonnes,92892.0,AR,-38.416097,-63.616672
Argentina,Tea,2012,tonnes,82813.0,AR,-38.416097,-63.616672
Argentina,Tea,2013,tonnes,80423.0,AR,-38.416097,-63.616672
Argentina,Tea,2014,tonnes,82628.0,AR,-38.416097,-63.616672
Argentina,Tea,2015,tonnes,82492.0,AR,-38.416097,-63.616672
Argentina,Tea,2016,tonnes,85015.0,AR,-38.416097,-63.616672
Argentina,Tea,2017,tonnes,81476.0,AR,-38.416097,-63.616672
Argentina,Tea,2018,tonnes,81981.0,AR,-38.416097,-63.616672
Azerbaijan,Tea,2009,tonnes,447.0,AZ,40.143105,47.576927
Azerbaijan,Tea,2010,tonnes,545.0,AZ,40.143105,47.576927
Azerbaijan,Tea,2011,tonnes,534.0,AZ,40.143105,47.576927
Azerbaijan,Tea,2012,tonnes,568.0,AZ,40.143105,47.576927
Azerbaijan,Tea,2013,tonnes,568.0,AZ,40.143105,47.576927
Azerbaijan,Tea,2014,tonnes,474.0,AZ,40.143105,47.576927
Azerbaijan,Tea,2015,tonnes,579.0,AZ,40.143105,47.576927
Azerbaijan,Tea,2016,tonnes,1016.0,AZ,40.143105,47.576927
Azerbaijan,Tea,2017,tonnes,775.0,AZ,40.143105,47.576927
Azerbaijan,Tea,2018,tonnes,869.0,AZ,40.143105,47.576927
Bangladesh,Tea,2009,tonnes,59500.0,BD,23.684994,90.356331
Bangladesh,Tea,2010,tonnes,60000.0,BD,23.684994,90.356331
Bangladesh,Tea,2011,tonnes,60500.0,BD,23.684994,90.356331
Bangladesh,Tea,2012,tonnes,62524.0,BD,23.684994,90.356331
Bangladesh,Tea,2013,tonnes,66259.0,BD,23.684994,90.356331
Bangladesh,Tea,2014,tonnes,63780.0,BD,23.684994,90.356331
Bangladesh,Tea,2015,tonnes,66101.0,BD,23.684994,90.356331
Bangladesh,Tea,2016,tonnes,64500.0,BD,23.684994,90.356331
Bangladesh,Tea,2017,tonnes,81850.0,BD,23.684994,90.356331
Bangladesh,Tea,2018,tonnes,78150.0,BD,23.684994,90.356331
Bolivia,Tea,2009,tonnes,1245.0,BO,-16.290154,-63.588653
Bolivia,Tea,2010,tonnes,1339.0,BO,-16.290154,-63.588653
Bolivia,Tea,2011,tonnes,1356.0,BO,-16.290154,-63.588653
Bolivia,Tea,2012,tonnes,1358.0,BO,-16.290154,-63.588653
Bolivia,Tea,2013,tonnes,1339.0,BO,-16.290154,-63.588653
Bolivia,Tea,2014,tonnes,1196.0,BO,-16.290154,-63.588653
Bolivia,Tea,2015,tonnes,1243.0,BO,-16.290154,-63.588653
Bolivia,Tea,2016,tonnes,1251.0,BO,-16.290154,-63.588653
Bolivia,Tea,2017,tonnes,1177.0,BO,-16.290154,-63.588653
Bolivia,Tea,2018,tonnes,1192.0,BO,-16.290154,-63.588653
Brazil,Tea,2009,tonnes,4686.0,BR,-14.235004,-51.92528
Brazil,Tea,2010,tonnes,4278.0,BR,-14.235004,-51.92528
Brazil,Tea,2011,tonnes,3520.0,BR,-14.235004,-51.92528
Brazil,Tea,2012,tonnes,1496.0,BR,-14.235004,-51.92528
Brazil,Tea,2013,tonnes,763.0,BR,-14.235004,-51.92528
Brazil,Tea,2014,tonnes,1421.0,BR,-14.235004,-51.92528
Brazil,Tea,2015,tonnes,633.0,BR,-14.235004,-51.92528
Brazil,Tea,2016,tonnes,459.0,BR,-14.235004,-51.92528
Brazil,Tea,2017,tonnes,459.0,BR,-14.235004,-51.92528
Brazil,Tea,2018,tonnes,483.0,BR,-14.235004,-51.92528
Burundi,Tea,2009,tonnes,31828.0,BI,-3.373056,29.918886
Burundi,Tea,2010,tonnes,37875.0,BI,-3.373056,29.918886
Burundi,Tea,2011,tonnes,40853.0,BI,-3.373056,29.918886
Burundi,Tea,2012,tonnes,42147.0,BI,-3.373056,29.918886
Burundi,Tea,2013,tonnes,41817.0,BI,-3.373056,29.918886
Burundi,Tea,2014,tonnes,53893.0,BI,-3.373056,29.918886
Burundi,Tea,2015,tonnes,53802.0,BI,-3.373056,29.918886
Burundi,Tea,2016,tonnes,52701.0,BI,-3.373056,29.918886
Burundi,Tea,2017,tonnes,49280.0,BI,-3.373056,29.918886
Burundi,Tea,2018,tonnes,53603.0,BI,-3.373056,29.918886
Cameroon,Tea,2009,tonnes,6000.0,CM,7.369722,12.354722
Cameroon,Tea,2010,tonnes,5514.0,CM,7.369722,12.354722
Cameroon,Tea,2011,tonnes,5226.0,CM,7.369722,12.354722
Cameroon,Tea,2012,tonnes,5268.0,CM,7.369722,12.354722
Cameroon,Tea,2013,tonnes,5342.0,CM,7.369722,12.354722
Cameroon,Tea,2014,tonnes,5487.0,CM,7.369722,12.354722
Cameroon,Tea,2015,tonnes,5625.0,CM,7.369722,12.354722
Cameroon,Tea,2016,tonnes,5641.0,CM,7.369722,12.354722
Cameroon,Tea,2017,tonnes,5710.0,CM,7.369722,12.354722
Cameroon,Tea,2018,tonnes,5779.0,CM,7.369722,12.354722
China,Tea,2009,tonnes,1359000.0,CN,35.86166,104.195397
China,Tea,2010,tonnes,1450000.0,CN,35.86166,104.195397
China,Tea,2011,tonnes,1623000.0,CN,35.86166,104.195397
China,Tea,2012,tonnes,1789753.0,CN,35.86166,104.195397
China,Tea,2013,tonnes,1924457.0,CN,35.86166,104.195397
China,Tea,2014,tonnes,2095570.0,CN,35.86166,104.195397
China,Tea,2015,tonnes,2277000.0,CN,35.86166,104.195397
China,Tea,2016,tonnes,2313000.0,CN,35.86166,104.195397
China,Tea,2017,tonnes,2460000.0,CN,35.86166,104.195397
China,Tea,2018,tonnes,2610400.0,CN,35.86166,104.195397
Taiwan,Tea,2009,tonnes,16780.0,TW,23.69781,120.960515
Taiwan,Tea,2010,tonnes,17467.0,TW,23.69781,120.960515
Taiwan,Tea,2011,tonnes,17310.0,TW,23.69781,120.960515
Taiwan,Tea,2012,tonnes,14902.0,TW,23.69781,120.960515
Taiwan,Tea,2013,tonnes,14718.0,TW,23.69781,120.960515
Taiwan,Tea,2014,tonnes,15200.0,TW,23.69781,120.960515
Taiwan,Tea,2015,tonnes,14405.0,TW,23.69781,120.960515
Taiwan,Tea,2016,tonnes,13018.0,TW,23.69781,120.960515
Taiwan,Tea,2017,tonnes,13443.0,TW,23.69781,120.960515
Taiwan,Tea,2018,tonnes,14738.0,TW,23.69781,120.960515
Colombia,Tea,2009,tonnes,134.0,CO,4.570868,-74.297333
Colombia,Tea,2010,tonnes,134.0,CO,4.570868,-74.297333
Colombia,Tea,2011,tonnes,134.0,CO,4.570868,-74.297333
Colombia,Tea,2012,tonnes,134.0,CO,4.570868,-74.297333
Colombia,Tea,2013,tonnes,125.0,CO,4.570868,-74.297333
Colombia,Tea,2014,tonnes,144.0,CO,4.570868,-74.297333
Colombia,Tea,2015,tonnes,149.0,CO,4.570868,-74.297333
Colombia,Tea,2016,tonnes,149.0,CO,4.570868,-74.297333
Colombia,Tea,2017,tonnes,149.0,CO,4.570868,-74.297333
Colombia,Tea,2018,tonnes,153.0,CO,4.570868,-74.297333
Congo [DRC],Tea,2009,tonnes,2489.0,CD,-4.038333,21.758664
Congo [DRC],Tea,2010,tonnes,2479.0,CD,-4.038333,21.758664
Congo [DRC],Tea,2011,tonnes,3129.0,CD,-4.038333,21.758664
Congo [DRC],Tea,2012,tonnes,3533.0,CD,-4.038333,21.758664
Congo [DRC],Tea,2013,tonnes,2937.0,CD,-4.038333,21.758664
Congo [DRC],Tea,2014,tonnes,3150.0,CD,-4.038333,21.758664
Congo [DRC],Tea,2015,tonnes,3300.0,CD,-4.038333,21.758664
Congo [DRC],Tea,2016,tonnes,3450.0,CD,-4.038333,21.758664
Congo [DRC],Tea,2017,tonnes,3600.0,CD,-4.038333,21.758664
Congo [DRC],Tea,2018,tonnes,3696.0,CD,-4.038333,21.758664
Ecuador,Tea,2009,tonnes,1877.0,EC,-1.831239,-78.183406
Ecuador,Tea,2010,tonnes,1512.0,EC,-1.831239,-78.183406
Ecuador,Tea,2011,tonnes,1468.0,EC,-1.831239,-78.183406
Ecuador,Tea,2012,tonnes,1423.0,EC,-1.831239,-78.183406
Ecuador,Tea,2013,tonnes,1394.0,EC,-1.831239,-78.183406
Ecuador,Tea,2014,tonnes,1353.0,EC,-1.831239,-78.183406
Ecuador,Tea,2015,tonnes,1241.0,EC,-1.831239,-78.183406
Ecuador,Tea,2016,tonnes,1144.0,EC,-1.831239,-78.183406
Ecuador,Tea,2017,tonnes,1083.0,EC,-1.831239,-78.183406
Ecuador,Tea,2018,tonnes,1156.0,EC,-1.831239,-78.183406
El Salvador,Tea,2009,tonnes,500.0,SV,13.794185,-88.89653
El Salvador,Tea,2010,tonnes,450.0,SV,13.794185,-88.89653
El Salvador,Tea,2011,tonnes,450.0,SV,13.794185,-88.89653
El Salvador,Tea,2012,tonnes,460.0,SV,13.794185,-88.89653
El Salvador,Tea,2013,tonnes,475.0,SV,13.794185,-88.89653
El Salvador,Tea,2014,tonnes,462.0,SV,13.794185,-88.89653
El Salvador,Tea,2015,tonnes,466.0,SV,13.794185,-88.89653
El Salvador,Tea,2016,tonnes,467.0,SV,13.794185,-88.89653
El Salvador,Tea,2017,tonnes,465.0,SV,13.794185,-88.89653
El Salvador,Tea,2018,tonnes,466.0,SV,13.794185,-88.89653
Ethiopia,Tea,2009,tonnes,6545.0,ET,9.145,40.489673
Ethiopia,Tea,2010,tonnes,7586.0,ET,9.145,40.489673
Ethiopia,Tea,2011,tonnes,8970.0,ET,9.145,40.489673
Ethiopia,Tea,2012,tonnes,9959.0,ET,9.145,40.489673
Ethiopia,Tea,2013,tonnes,9977.0,ET,9.145,40.489673
Ethiopia,Tea,2014,tonnes,10213.0,ET,9.145,40.489673
Ethiopia,Tea,2015,tonnes,10568.0,ET,9.145,40.489673
Ethiopia,Tea,2016,tonnes,10253.0,ET,9.145,40.489673
Ethiopia,Tea,2017,tonnes,10345.0,ET,9.145,40.489673
Ethiopia,Tea,2018,tonnes,10388.0,ET,9.145,40.489673
Georgia,Tea,2009,tonnes,5800.0,GE,42.315407,43.356892
Georgia,Tea,2010,tonnes,3500.0,GE,42.315407,43.356892
Georgia,Tea,2011,tonnes,2900.0,GE,42.315407,43.356892
Georgia,Tea,2012,tonnes,2600.0,GE,42.315407,43.356892
Georgia,Tea,2013,tonnes,3300.0,GE,42.315407,43.356892
Georgia,Tea,2014,tonnes,1800.0,GE,42.315407,43.356892
Georgia,Tea,2015,tonnes,2100.0,GE,42.315407,43.356892
Georgia,Tea,2016,tonnes,3000.0,GE,42.315407,43.356892
Georgia,Tea,2017,tonnes,2300.0,GE,42.315407,43.356892
Georgia,Tea,2018,tonnes,1700.0,GE,42.315407,43.356892
Guatemala,Tea,2009,tonnes,639.0,GT,15.783471,-90.230759
Guatemala,Tea,2010,tonnes,628.0,GT,15.783471,-90.230759
Guatemala,Tea,2011,tonnes,432.0,GT,15.783471,-90.230759
Guatemala,Tea,2012,tonnes,420.0,GT,15.783471,-90.230759
Guatemala,Tea,2013,tonnes,437.0,GT,15.783471,-90.230759
Guatemala,Tea,2014,tonnes,526.0,GT,15.783471,-90.230759
Guatemala,Tea,2015,tonnes,553.0,GT,15.783471,-90.230759
Guatemala,Tea,2016,tonnes,558.0,GT,15.783471,-90.230759
Guatemala,Tea,2017,tonnes,519.0,GT,15.783471,-90.230759
Guatemala,Tea,2018,tonnes,543.0,GT,15.783471,-90.230759
India,Tea,2009,tonnes,972700.0,IN,20.593684,78.96288
India,Tea,2010,tonnes,991182.0,IN,20.593684,78.96288
India,Tea,2011,tonnes,1095460.0,IN,20.593684,78.96288
India,Tea,2012,tonnes,1135070.0,IN,20.593684,78.96288
India,Tea,2013,tonnes,1208780.0,IN,20.593684,78.96288
India,Tea,2014,tonnes,1207310.0,IN,20.593684,78.96288
India,Tea,2015,tonnes,1233140.0,IN,20.593684,78.96288
India,Tea,2016,tonnes,1250490.0,IN,20.593684,78.96288
India,Tea,2017,tonnes,1325050.0,IN,20.593684,78.96288
India,Tea,2018,tonnes,1344827.0,IN,20.593684,78.96288
Indonesia,Tea,2009,tonnes,156901.0,ID,-0.789275,113.921327
Indonesia,Tea,2010,tonnes,150342.0,ID,-0.789275,113.921327
Indonesia,Tea,2011,tonnes,146603.0,ID,-0.789275,113.921327
Indonesia,Tea,2012,tonnes,143413.0,ID,-0.789275,113.921327
Indonesia,Tea,2013,tonnes,145855.0,ID,-0.789275,113.921327
Indonesia,Tea,2014,tonnes,154369.0,ID,-0.789275,113.921327
Indonesia,Tea,2015,tonnes,132615.0,ID,-0.789275,113.921327
Indonesia,Tea,2016,tonnes,144015.0,ID,-0.789275,113.921327
Indonesia,Tea,2017,tonnes,139362.0,ID,-0.789275,113.921327
Indonesia,Tea,2018,tonnes,141342.0,ID,-0.789275,113.921327
Iran,Tea,2009,tonnes,130714.0,IR,32.427908,53.688046
Iran,Tea,2010,tonnes,121041.0,IR,32.427908,53.688046
Iran,Tea,2011,tonnes,112084.0,IR,32.427908,53.688046
Iran,Tea,2012,tonnes,103890.0,IR,32.427908,53.688046
Iran,Tea,2013,tonnes,97475.0,IR,32.427908,53.688046
Iran,Tea,2014,tonnes,72277.0,IR,32.427908,53.688046
Iran,Tea,2015,tonnes,196957.0,IR,32.427908,53.688046
Iran,Tea,2016,tonnes,132603.0,IR,32.427908,53.688046
Iran,Tea,2017,tonnes,100580.0,IR,32.427908,53.688046
Iran,Tea,2018,tonnes,109357.0,IR,32.427908,53.688046
Japan,Tea,2009,tonnes,86000.0,JP,36.204824,138.252924
Japan,Tea,2010,tonnes,85000.0,JP,36.204824,138.252924
Japan,Tea,2011,tonnes,82100.0,JP,36.204824,138.252924
Japan,Tea,2012,tonnes,85900.0,JP,36.204824,138.252924
Japan,Tea,2013,tonnes,84800.0,JP,36.204824,138.252924
Japan,Tea,2014,tonnes,83600.0,JP,36.204824,138.252924
Japan,Tea,2015,tonnes,79500.0,JP,36.204824,138.252924
Japan,Tea,2016,tonnes,80200.0,JP,36.204824,138.252924
Japan,Tea,2017,tonnes,82000.0,JP,36.204824,138.252924
Japan,Tea,2018,tonnes,83052.0,JP,36.204824,138.252924
Kenya,Tea,2009,tonnes,314198.0,KE,-0.023559,37.906193
Kenya,Tea,2010,tonnes,399006.0,KE,-0.023559,37.906193
Kenya,Tea,2011,tonnes,377912.0,KE,-0.023559,37.906193
Kenya,Tea,2012,tonnes,369400.0,KE,-0.023559,37.906193
Kenya,Tea,2013,tonnes,432400.0,KE,-0.023559,37.906193
Kenya,Tea,2014,tonnes,445105.0,KE,-0.023559,37.906193
Kenya,Tea,2015,tonnes,399100.0,KE,-0.023559,37.906193
Kenya,Tea,2016,tonnes,473000.0,KE,-0.023559,37.906193
Kenya,Tea,2017,tonnes,439857.0,KE,-0.023559,37.906193
Kenya,Tea,2018,tonnes,492990.0,KE,-0.023559,37.906193
Laos,Tea,2009,tonnes,470.0,LA,19.85627,102.495496
Laos,Tea,2010,tonnes,582.0,LA,19.85627,102.495496
Laos,Tea,2011,tonnes,802.0,LA,19.85627,102.495496
Laos,Tea,2012,tonnes,3975.0,LA,19.85627,102.495496
Laos,Tea,2013,tonnes,6105.0,LA,19.85627,102.495496
Laos,Tea,2014,tonnes,7935.0,LA,19.85627,102.495496
Laos,Tea,2015,tonnes,6295.0,LA,19.85627,102.495496
Laos,Tea,2016,tonnes,7300.0,LA,19.85627,102.495496
Laos,Tea,2017,tonnes,7660.0,LA,19.85627,102.495496
Laos,Tea,2018,tonnes,8055.0,LA,19.85627,102.495496
Madagascar,Tea,2009,tonnes,319.0,MG,-18.766947,46.869107
Madagascar,Tea,2010,tonnes,382.0,MG,-18.766947,46.869107
Madagascar,Tea,2011,tonnes,380.0,MG,-18.766947,46.869107
Madagascar,Tea,2012,tonnes,382.0,MG,-18.766947,46.869107
Madagascar,Tea,2013,tonnes,384.0,MG,-18.766947,46.869107
Madagascar,Tea,2014,tonnes,385.0,MG,-18.766947,46.869107
Madagascar,Tea,2015,tonnes,382.0,MG,-18.766947,46.869107
Madagascar,Tea,2016,tonnes,381.0,MG,-18.766947,46.869107
Madagascar,Tea,2017,tonnes,384.0,MG,-18.766947,46.869107
Madagascar,Tea,2018,tonnes,387.0,MG,-18.766947,46.869107
Malawi,Tea,2009,tonnes,52555.0,MW,-13.254308,34.301525
Malawi,Tea,2010,tonnes,51589.0,MW,-13.254308,34.301525
Malawi,Tea,2011,tonnes,47006.0,MW,-13.254308,34.301525
Malawi,Tea,2012,tonnes,42490.0,MW,-13.254308,34.301525
Malawi,Tea,2013,tonnes,46460.0,MW,-13.254308,34.301525
Malawi,Tea,2014,tonnes,45480.0,MW,-13.254308,34.301525
Malawi,Tea,2015,tonnes,47633.0,MW,-13.254308,34.301525
Malawi,Tea,2016,tonnes,48468.0,MW,-13.254308,34.301525
Malawi,Tea,2017,tonnes,48649.0,MW,-13.254308,34.301525
Malawi,Tea,2018,tonnes,49041.0,MW,-13.254308,34.301525
Malaysia,Tea,2009,tonnes,7223.0,MY,4.210484,101.975766
Malaysia,Tea,2010,tonnes,19738.0,MY,4.210484,101.975766
Malaysia,Tea,2011,tonnes,16632.0,MY,4.210484,101.975766
Malaysia,Tea,2012,tonnes,14711.0,MY,4.210484,101.975766
Malaysia,Tea,2013,tonnes,12094.0,MY,4.210484,101.975766
Malaysia,Tea,2014,tonnes,11923.0,MY,4.210484,101.975766
Malaysia,Tea,2015,tonnes,11130.0,MY,4.210484,101.975766
Malaysia,Tea,2016,tonnes,11708.0,MY,4.210484,101.975766
Malaysia,Tea,2017,tonnes,10385.0,MY,4.210484,101.975766
Malaysia,Tea,2018,tonnes,10869.0,MY,4.210484,101.975766
Mali,Tea,2009,tonnes,114.0,ML,17.570692,-3.996166
Mali,Tea,2010,tonnes,107.0,ML,17.570692,-3.996166
Mali,Tea,2011,tonnes,103.0,ML,17.570692,-3.996166
Mali,Tea,2012,tonnes,98.0,ML,17.570692,-3.996166
Mali,Tea,2013,tonnes,89.0,ML,17.570692,-3.996166
Mali,Tea,2014,tonnes,89.0,ML,17.570692,-3.996166
Mali,Tea,2015,tonnes,88.0,ML,17.570692,-3.996166
Mali,Tea,2016,tonnes,83.0,ML,17.570692,-3.996166
Mali,Tea,2017,tonnes,79.0,ML,17.570692,-3.996166
Mali,Tea,2018,tonnes,77.0,ML,17.570692,-3.996166
Mauritius,Tea,2009,tonnes,1481.0,MU,-20.348404,57.552152
Mauritius,Tea,2010,tonnes,1467.0,MU,-20.348404,57.552152
Mauritius,Tea,2011,tonnes,1787.0,MU,-20.348404,57.552152
Mauritius,Tea,2012,tonnes,1577.0,MU,-20.348404,57.552152
Mauritius,Tea,2013,tonnes,1563.0,MU,-20.348404,57.552152
Mauritius,Tea,2014,tonnes,1504.0,MU,-20.348404,57.552152
Mauritius,Tea,2015,tonnes,1295.0,MU,-20.348404,57.552152
Mauritius,Tea,2016,tonnes,1353.0,MU,-20.348404,57.552152
Mauritius,Tea,2017,tonnes,1379.0,MU,-20.348404,57.552152
Mauritius,Tea,2018,tonnes,1470.0,MU,-20.348404,57.552152
Montenegro,Tea,2009,tonnes,100.0,ME,42.708678,19.37439
Montenegro,Tea,2010,tonnes,100.0,ME,42.708678,19.37439
Montenegro,Tea,2011,tonnes,100.0,ME,42.708678,19.37439
Montenegro,Tea,2012,tonnes,100.0,ME,42.708678,19.37439
Montenegro,Tea,2013,tonnes,100.0,ME,42.708678,19.37439
Montenegro,Tea,2014,tonnes,100.0,ME,42.708678,19.37439
Montenegro,Tea,2015,tonnes,100.0,ME,42.708678,19.37439
Montenegro,Tea,2016,tonnes,100.0,ME,42.708678,19.37439
Montenegro,Tea,2017,tonnes,100.0,ME,42.708678,19.37439
Montenegro,Tea,2018,tonnes,100.0,ME,42.708678,19.37439
Mozambique,Tea,2009,tonnes,30000.0,MZ,-18.665695,35.529562
Mozambique,Tea,2010,tonnes,28995.0,MZ,-18.665695,35.529562
Mozambique,Tea,2011,tonnes,27000.0,MZ,-18.665695,35.529562
Mozambique,Tea,2012,tonnes,22000.0,MZ,-18.665695,35.529562
Mozambique,Tea,2013,tonnes,25428.0,MZ,-18.665695,35.529562
Mozambique,Tea,2014,tonnes,28840.0,MZ,-18.665695,35.529562
Mozambique,Tea,2015,tonnes,32000.0,MZ,-18.665695,35.529562
Mozambique,Tea,2016,tonnes,31717.0,MZ,-18.665695,35.529562
Mozambique,Tea,2017,tonnes,32000.0,MZ,-18.665695,35.529562
Mozambique,Tea,2018,tonnes,32921.0,MZ,-18.665695,35.529562
Myanmar,Tea,2009,tonnes,92600.0,,,
Myanmar,Tea,2010,tonnes,94500.0,,,
Myanmar,Tea,2011,tonnes,92500.0,,,
Myanmar,Tea,2012,tonnes,94600.0,,,
Myanmar,Tea,2013,tonnes,96300.0,,,
Myanmar,Tea,2014,tonnes,98600.0,,,
Myanmar,Tea,2015,tonnes,100150.0,,,
Myanmar,Tea,2016,tonnes,102404.0,,,
Myanmar,Tea,2017,tonnes,104743.0,,,
Myanmar,Tea,2018,tonnes,109043.0,,,
Nepal,Tea,2009,tonnes,16208.0,NP,28.394857,84.124008
Nepal,Tea,2010,tonnes,16607.0,NP,28.394857,84.124008
Nepal,Tea,2011,tonnes,17438.0,NP,28.394857,84.124008
Nepal,Tea,2012,tonnes,18726.0,NP,28.394857,84.124008
Nepal,Tea,2013,tonnes,20588.0,NP,28.394857,84.124008
Nepal,Tea,2014,tonnes,21394.0,NP,28.394857,84.124008
Nepal,Tea,2015,tonnes,21394.0,NP,28.394857,84.124008
Nepal,Tea,2016,tonnes,23821.0,NP,28.394857,84.124008
Nepal,Tea,2017,tonnes,24653.0,NP,28.394857,84.124008
Nepal,Tea,2018,tonnes,24803.0,NP,28.394857,84.124008
Panama,Tea,2009,tonnes,0.0,PA,8.537981,-80.782127
Panama,Tea,2010,tonnes,0.0,PA,8.537981,-80.782127
Panama,Tea,2011,tonnes,0.0,PA,8.537981,-80.782127
Panama,Tea,2012,tonnes,0.0,PA,8.537981,-80.782127
Panama,Tea,2013,tonnes,0.0,PA,8.537981,-80.782127
Panama,Tea,2014,tonnes,0.0,PA,8.537981,-80.782127
Papua New Guinea,Tea,2009,tonnes,6400.0,PG,-6.314993,143.95555
Papua New Guinea,Tea,2010,tonnes,6201.0,PG,-6.314993,143.95555
Papua New Guinea,Tea,2011,tonnes,5943.0,PG,-6.314993,143.95555
Papua New Guinea,Tea,2012,tonnes,5905.0,PG,-6.314993,143.95555
Papua New Guinea,Tea,2013,tonnes,5857.0,PG,-6.314993,143.95555
Papua New Guinea,Tea,2014,tonnes,5800.0,PG,-6.314993,143.95555
Papua New Guinea,Tea,2015,tonnes,5741.0,PG,-6.314993,143.95555
Papua New Guinea,Tea,2016,tonnes,5685.0,PG,-6.314993,143.95555
Papua New Guinea,Tea,2017,tonnes,5631.0,PG,-6.314993,143.95555
Papua New Guinea,Tea,2018,tonnes,5589.0,PG,-6.314993,143.95555
Peru,Tea,2009,tonnes,3169.0,PE,-9.189967,-75.015152
Peru,Tea,2010,tonnes,3214.0,PE,-9.189967,-75.015152
Peru,Tea,2011,tonnes,3158.0,PE,-9.189967,-75.015152
Peru,Tea,2012,tonnes,3434.0,PE,-9.189967,-75.015152
Peru,Tea,2013,tonnes,4319.0,PE,-9.189967,-75.015152
Peru,Tea,2014,tonnes,3874.0,PE,-9.189967,-75.015152
Peru,Tea,2015,tonnes,3785.0,PE,-9.189967,-75.015152
Peru,Tea,2016,tonnes,3307.0,PE,-9.189967,-75.015152
Peru,Tea,2017,tonnes,2177.0,PE,-9.189967,-75.015152
Peru,Tea,2018,tonnes,1085.0,PE,-9.189967,-75.015152
Portugal,Tea,2009,tonnes,125.0,PT,39.399872,-8.224454
Portugal,Tea,2010,tonnes,120.0,PT,39.399872,-8.224454
Portugal,Tea,2011,tonnes,70.0,PT,39.399872,-8.224454
Portugal,Tea,2012,tonnes,57.0,PT,39.399872,-8.224454
Portugal,Tea,2013,tonnes,58.0,PT,39.399872,-8.224454
Portugal,Tea,2014,tonnes,62.0,PT,39.399872,-8.224454
Portugal,Tea,2015,tonnes,89.0,PT,39.399872,-8.224454
Portugal,Tea,2016,tonnes,84.0,PT,39.399872,-8.224454
Portugal,Tea,2017,tonnes,78.0,PT,39.399872,-8.224454
Portugal,Tea,2018,tonnes,84.0,PT,39.399872,-8.224454
South Korea,Tea,2009,tonnes,2400.0,KR,35.907757,127.766922
South Korea,Tea,2010,tonnes,2289.0,KR,35.907757,127.766922
South Korea,Tea,2011,tonnes,2244.0,KR,35.907757,127.766922
South Korea,Tea,2012,tonnes,2202.0,KR,35.907757,127.766922
South Korea,Tea,2013,tonnes,2263.0,KR,35.907757,127.766922
South Korea,Tea,2014,tonnes,2431.0,KR,35.907757,127.766922
South Korea,Tea,2015,tonnes,2575.0,KR,35.907757,127.766922
South Korea,Tea,2016,tonnes,2562.0,KR,35.907757,127.766922
South Korea,Tea,2017,tonnes,2637.0,KR,35.907757,127.766922
South Korea,Tea,2018,tonnes,2712.0,KR,35.907757,127.766922
Réunion,Tea,2009,tonnes,672.0,RE,-21.115141,55.536384
Réunion,Tea,2010,tonnes,698.0,RE,-21.115141,55.536384
Réunion,Tea,2011,tonnes,727.0,RE,-21.115141,55.536384
Réunion,Tea,2012,tonnes,750.0,RE,-21.115141,55.536384
Réunion,Tea,2013,tonnes,800.0,RE,-21.115141,55.536384
Réunion,Tea,2014,tonnes,835.0,RE,-21.115141,55.536384
Réunion,Tea,2015,tonnes,832.0,RE,-21.115141,55.536384
Réunion,Tea,2016,tonnes,865.0,RE,-21.115141,55.536384
Réunion,Tea,2017,tonnes,892.0,RE,-21.115141,55.536384
Réunion,Tea,2018,tonnes,919.0,RE,-21.115141,55.536384
Russia,Tea,2009,tonnes,630.0,RU,61.52401,105.318756
Russia,Tea,2010,tonnes,370.0,RU,61.52401,105.318756
Russia,Tea,2011,tonnes,267.0,RU,61.52401,105.318756
Russia,Tea,2012,tonnes,90.0,RU,61.52401,105.318756
Russia,Tea,2013,tonnes,90.0,RU,61.52401,105.318756
Russia,Tea,2014,tonnes,222.0,RU,61.52401,105.318756
Russia,Tea,2015,tonnes,246.0,RU,61.52401,105.318756
Russia,Tea,2016,tonnes,449.0,RU,61.52401,105.318756
Russia,Tea,2017,tonnes,554.0,RU,61.52401,105.318756
Russia,Tea,2018,tonnes,504.0,RU,61.52401,105.318756
Rwanda,Tea,2009,tonnes,20535.0,RW,-1.940278,29.873888
Rwanda,Tea,2010,tonnes,22249.0,RW,-1.940278,29.873888
Rwanda,Tea,2011,tonnes,24066.0,RW,-1.940278,29.873888
Rwanda,Tea,2012,tonnes,22503.0,RW,-1.940278,29.873888
Rwanda,Tea,2013,tonnes,22185.0,RW,-1.940278,29.873888
Rwanda,Tea,2014,tonnes,24751.0,RW,-1.940278,29.873888
Rwanda,Tea,2015,tonnes,25284.0,RW,-1.940278,29.873888
Rwanda,Tea,2016,tonnes,25628.0,RW,-1.940278,29.873888
Rwanda,Tea,2017,tonnes,27887.0,RW,-1.940278,29.873888
Rwanda,Tea,2018,tonnes,31068.0,RW,-1.940278,29.873888
Seychelles,Tea,2009,tonnes,63.0,SC,-4.679574,55.491977
Seychelles,Tea,2010,tonnes,49.0,SC,-4.679574,55.491977
Seychelles,Tea,2011,tonnes,38.0,SC,-4.679574,55.491977
Seychelles,Tea,2012,tonnes,28.0,SC,-4.679574,55.491977
Seychelles,Tea,2013,tonnes,21.0,SC,-4.679574,55.491977
Seychelles,Tea,2014,tonnes,27.0,SC,-4.679574,55.491977
Seychelles,Tea,2015,tonnes,16.0,SC,-4.679574,55.491977
Seychelles,Tea,2016,tonnes,17.0,SC,-4.679574,55.491977
Seychelles,Tea,2017,tonnes,13.0,SC,-4.679574,55.491977
Seychelles,Tea,2018,tonnes,15.0,SC,-4.679574,55.491977
South Africa,Tea,2009,tonnes,1743.0,ZA,-30.559482,22.937506
South Africa,Tea,2010,tonnes,1647.0,ZA,-30.559482,22.937506
South Africa,Tea,2011,tonnes,1795.0,ZA,-30.559482,22.937506
South Africa,Tea,2012,tonnes,870.0,ZA,-30.559482,22.937506
South Africa,Tea,2013,tonnes,2180.0,ZA,-30.559482,22.937506
South Africa,Tea,2014,tonnes,1615.0,ZA,-30.559482,22.937506
South Africa,Tea,2015,tonnes,1863.0,ZA,-30.559482,22.937506
South Africa,Tea,2016,tonnes,1776.0,ZA,-30.559482,22.937506
South Africa,Tea,2017,tonnes,1628.0,ZA,-30.559482,22.937506
South Africa,Tea,2018,tonnes,1469.0,ZA,-30.559482,22.937506
Sri Lanka,Tea,2009,tonnes,290000.0,LK,7.873054,80.771797
Sri Lanka,Tea,2010,tonnes,331400.0,LK,7.873054,80.771797
Sri Lanka,Tea,2011,tonnes,327500.0,LK,7.873054,80.771797
Sri Lanka,Tea,2012,tonnes,330000.0,LK,7.873054,80.771797
Sri Lanka,Tea,2013,tonnes,340230.0,LK,7.873054,80.771797
Sri Lanka,Tea,2014,tonnes,338032.0,LK,7.873054,80.771797
Sri Lanka,Tea,2015,tonnes,320686.0,LK,7.873054,80.771797
Sri Lanka,Tea,2016,tonnes,292574.0,LK,7.873054,80.771797
Sri Lanka,Tea,2017,tonnes,307720.0,LK,7.873054,80.771797
Sri Lanka,Tea,2018,tonnes,303840.0,LK,7.873054,80.771797
Thailand,Tea,2009,tonnes,63707.0,TH,15.870032,100.992541
Thailand,Tea,2010,tonnes,67241.0,TH,15.870032,100.992541
Thailand,Tea,2011,tonnes,73320.0,TH,15.870032,100.992541
Thailand,Tea,2012,tonnes,68774.0,TH,15.870032,100.992541
Thailand,Tea,2013,tonnes,68013.0,TH,15.870032,100.992541
Thailand,Tea,2014,tonnes,40324.0,TH,15.870032,100.992541
Thailand,Tea,2015,tonnes,49054.0,TH,15.870032,100.992541
Thailand,Tea,2016,tonnes,54746.0,TH,15.870032,100.992541
Thailand,Tea,2017,tonnes,48041.0,TH,15.870032,100.992541
Thailand,Tea,2018,tonnes,50614.0,TH,15.870032,100.992541
Turkey,Tea,2009,tonnes,198601.0,TR,38.963745,35.243322
Turkey,Tea,2010,tonnes,235000.0,TR,38.963745,35.243322
Turkey,Tea,2011,tonnes,221600.0,TR,38.963745,35.243322
Turkey,Tea,2012,tonnes,225000.0,TR,38.963745,35.243322
Turkey,Tea,2013,tonnes,212400.0,TR,38.963745,35.243322
Turkey,Tea,2014,tonnes,226800.0,TR,38.963745,35.243322
Turkey,Tea,2015,tonnes,239028.0,TR,38.963745,35.243322
Turkey,Tea,2016,tonnes,243000.0,TR,38.963745,35.243322
Turkey,Tea,2017,tonnes,234000.0,TR,38.963745,35.243322
Turkey,Tea,2018,tonnes,270000.0,TR,38.963745,35.243322
Uganda,Tea,2009,tonnes,48663.0,UG,1.373333,32.290275
Uganda,Tea,2010,tonnes,49182.0,UG,1.373333,32.290275
Uganda,Tea,2011,tonnes,35194.0,UG,1.373333,32.290275
Uganda,Tea,2012,tonnes,57939.0,UG,1.373333,32.290275
Uganda,Tea,2013,tonnes,60969.0,UG,1.373333,32.290275
Uganda,Tea,2014,tonnes,61376.0,UG,1.373333,32.290275
Uganda,Tea,2015,tonnes,60645.0,UG,1.373333,32.290275
Uganda,Tea,2016,tonnes,62705.0,UG,1.373333,32.290275
Uganda,Tea,2017,tonnes,63667.0,UG,1.373333,32.290275
Uganda,Tea,2018,tonnes,62339.0,UG,1.373333,32.290275
Tanzania,Tea,2009,tonnes,34170.0,TZ,-6.369028,34.888822
Tanzania,Tea,2010,tonnes,33160.0,TZ,-6.369028,34.888822
Tanzania,Tea,2011,tonnes,32000.0,TZ,-6.369028,34.888822
Tanzania,Tea,2012,tonnes,32812.0,TZ,-6.369028,34.888822
Tanzania,Tea,2013,tonnes,33700.0,TZ,-6.369028,34.888822
Tanzania,Tea,2014,tonnes,33500.0,TZ,-6.369028,34.888822
Tanzania,Tea,2015,tonnes,35749.0,TZ,-6.369028,34.888822
Tanzania,Tea,2016,tonnes,36561.0,TZ,-6.369028,34.888822
Tanzania,Tea,2017,tonnes,36712.0,TZ,-6.369028,34.888822
Tanzania,Tea,2018,tonnes,36854.0,TZ,-6.369028,34.888822
Viet Nam,Tea,2009,tonnes,185700.0,,,
Viet Nam,Tea,2010,tonnes,198466.0,,,
Viet Nam,Tea,2011,tonnes,206600.0,,,
Viet Nam,Tea,2012,tonnes,211500.0,,,
Viet Nam,Tea,2013,tonnes,217700.0,,,
Viet Nam,Tea,2014,tonnes,228360.0,,,
Viet Nam,Tea,2015,tonnes,236000.0,,,
Viet Nam,Tea,2016,tonnes,240000.0,,,
Viet Nam,Tea,2017,tonnes,260000.0,,,
Viet Nam,Tea,2018,tonnes,270000.0,,,
Zambia,Tea,2009,tonnes,821.0,ZM,-13.133897,27.849332
Zambia,Tea,2010,tonnes,843.0,ZM,-13.133897,27.849332
Zambia,Tea,2011,tonnes,864.0,ZM,-13.133897,27.849332
Zambia,Tea,2012,tonnes,900.0,ZM,-13.133897,27.849332
Zambia,Tea,2013,tonnes,900.0,ZM,-13.133897,27.849332
Zambia,Tea,2014,tonnes,910.0,ZM,-13.133897,27.849332
Zambia,Tea,2015,tonnes,930.0,ZM,-13.133897,27.849332
Zambia,Tea,2016,tonnes,929.0,ZM,-13.133897,27.849332
Zambia,Tea,2017,tonnes,941.0,ZM,-13.133897,27.849332
Zambia,Tea,2018,tonnes,953.0,ZM,-13.133897,27.849332
Zimbabwe,Tea,2009,tonnes,23590.0,ZW,-19.015438,29.154857
Zimbabwe,Tea,2010,tonnes,23450.0,ZW,-19.015438,29.154857
Zimbabwe,Tea,2011,tonnes,23733.0,ZW,-19.015438,29.154857
Zimbabwe,Tea,2012,tonnes,24017.0,ZW,-19.015438,29.154857
Zimbabwe,Tea,2013,tonnes,24300.0,ZW,-19.015438,29.154857
Zimbabwe,Tea,2014,tonnes,24815.0,ZW,-19.015438,29.154857
Zimbabwe,Tea,2015,tonnes,25755.0,ZW,-19.015438,29.154857
Zimbabwe,Tea,2016,tonnes,25688.0,ZW,-19.015438,29.154857
Zimbabwe,Tea,2017,tonnes,25991.0,ZW,-19.015438,29.154857
Zimbabwe,Tea,2018,tonnes,26293.0,ZW,-19.015438,29.154857
